"","DAY","DCAN (kPa)","PLC","YSOIL (MPa)","YPD (MPa)","YMD (MPa)","ECRIT (mmol m-2 s-1)","Leaf NSC (gC m-2)","Stem NSC (gC m-2)","Root NSC (gC m-2)","GS (mmol m-2 s-1)","EC (mmol m-2 s-1)","GPP (mmol m-2 s-1)","SMshall","SMdeep","SMrock","RHIZFshall (mmol m-2 s-1)","RHIZFdeep (mmol m-2 s-1)","RHIZFrock (mmol m-2 s-1)","FinRootCshall (gC m-2 grd)","FinRootCdeep (gC m-2 grd)","FinRootCrock (gC m-2 grd)","MicrobNshall (gN m-2 grd)","MicrobNdeep (gN m-2 grd)","MicrobNrock (gN m-2 grd)","LitterNshall (gN m-2 grd)","LitterNdeep (gN m-2 grd)","LitterNrock (gN m-2 grd)","PlantN (gN m-2 grd)","LAI (m2 m-2)","RLA (m2 m-2)","RA shall (m2 m-2","RA deep (m2 m-2)","RA rock (m2 m-2)"
"1",1,0.765159170060169,60.04678,-0.5296195,-0.86114275,-1.5878625,1.58262083333333,31.165425,71.020725,356.29125,38.52095,0.143929950208333,2.03298489300543,0.214362772507963,0.214880770833333,0.309532605962816,0.0756789662083333,0.0581829545833333,0.00992630675273562,22.6466820833333,22.64513,5.03225503225,4.82864208333333,6.66820416666667,4.13746270833333,2.25518795833333,3.11863208333333,1.67361458333333,2.04943291666667,1.95833020833333,2.06443333333333,0.365114416666667,0.521497520833333,0.113387977083333
"2",2,0.855389967911314,52.13768,-0.55317775,-0.87812275,-1.48675,1.89621729166667,31.243675,67.7028,359.0975,39.317075,0.156988068541667,2.04835456601106,0.212784601558734,0.2144840625,0.309532566720381,0.0789679185416667,0.0654696760416667,0.0125505104791667,22.6510272916667,22.64513,5.03225503225,4.80699458333333,6.637848125,4.08039291666667,2.21724614583333,3.079254375,1.67429860416667,2.0016175,1.95834,2.07173333333333,0.365149104166667,0.521469083333333,0.113381946041667
"3",3,0.440368667790425,52.6991,-0.5617795,-0.872845,-1.169525,1.89495083333333,30.328425,65.509675,361.487,32.6919,0.0617606257291667,0.708282780533637,0.212940027093865,0.214203729166667,0.309532643699598,0.0292716229166667,0.0249738767708333,0.0080734355625,22.65329,22.64513,5.03225503225,4.78277395833333,6.61556770833333,4.02575770833333,2.19028277083333,3.0380225,1.68153710416667,1.95962375,1.95834,2.07179,0.365168,0.521454,0.11337871
"4",4,0.632888381759661,51.93288,-0.53925775,-0.86319525,-1.4551775,1.89821854166667,29.0139,63.423875,363.50375,41.745025,0.122689113583333,1.50019743044127,0.215679332117449,0.214024875,0.309532514623584,0.065534120625,0.0474194308958333,0.00937643898958333,22.6532933333333,22.64513,5.03225503225,4.753414375,6.59127333333333,3.9730075,2.17966895833333,3.004069375,1.68860627083333,1.92600020833333,1.95834,2.07179,0.3651676875,0.521454,0.11337871
"5",5,0.957553992639123,52.17908,-0.557299,-0.8646625,-1.6821775,1.89552395833333,28.8313,61.770725,365.16725,40.729125,0.191401663145833,2.44239251568604,0.214715237614445,0.2136515,0.309532454916991,0.101210255833333,0.0770385039583333,0.0127719549583333,22.6556685416667,22.64513,5.03225503225,4.72538854166667,6.56252229166667,3.92134958333333,2.16846820833333,2.98131354166667,1.6954690625,1.90125666666667,1.95834,2.071850625,0.365185270833333,0.521439208333333,0.113375347916667
"6",6,1.17039217085205,52.3025,-0.58888675,-0.88199,-1.6647575,1.889936875,28.879175,60.840925,366.49675,34.1433,0.218036818125,2.51151225971764,0.212479586976882,0.2131221875,0.309532358321067,0.11189927,0.091221052875,0.0149353502291667,22.6642004166667,22.64513,5.03225503225,4.701169375,6.53146729166667,3.87102979166667,2.14909654166667,2.961688125,1.70254216666667,1.883024375,1.95834,2.07207270833333,0.3652530625,0.521383583333333,0.113363063125
"7",7,1.45377704600817,52.50116,-0.62723275,-0.9081715,-1.6894525,1.8813525,28.6133,60.192375,367.5975,27.871975,0.226925108333333,2.46523041284166,0.210115698117195,0.21251875,0.30953225424883,0.1110518275,0.100027115625,0.0158462343125,22.678189375,22.64513,5.03225503225,4.678261875,6.498573125,3.82237979166667,2.12880789583333,2.94539270833333,1.71076260416667,1.86748833333333,1.95834,2.0724375,0.365365229166667,0.5212915,0.11334339875
"8",8,1.21305822820403,52.99872,-0.66562425,-0.930226,-1.6045025,1.86667604166667,28.139425,59.569175,368.575,29.8577,0.200305545833333,2.39948841269777,0.207972313240226,0.211877354166667,0.309532137481111,0.0889054625,0.098291025,0.01616888875,22.6937964583333,22.64513,5.03225503225,4.652750625,6.46486354166667,3.77572604166667,2.11958885416667,2.929274375,1.71865916666667,1.85074791666667,1.95834,2.07285020833333,0.365491479166667,0.521187708333333,0.113320678333333
"9",9,0.661828651974915,53.6559,-0.69051275,-0.92298225,-1.4298225,1.85525104166667,27.658825,58.959575,369.556,39.38045,0.0990610510416667,1.59792236685758,0.206666598093985,0.211392354166667,0.309532030795799,0.0357858189583333,0.0559031129166667,0.011402080625,22.7009820833333,22.64513,5.03225503225,4.62316583333333,6.42933979166667,3.73021895833333,2.11847710416667,2.91870708333333,1.72585314583333,1.828861875,1.95834,2.07304270833333,0.365550708333333,0.521139104166667,0.113309842916667
"10",10,0.509762086509096,54.10916,-0.68867675,-0.93068425,-1.2918025,1.85852583333333,26.9182,58.174575,370.5345,35.6498,0.0694845909583333,0.960839869787719,0.207692756738024,0.2111129375,0.3095321966418,0.0239729522916667,0.0393583533333333,0.00856067139583333,22.701588125,22.64513,5.03225503225,4.5911775,6.39248583333333,3.684748125,2.12057775,2.91148770833333,1.732360875,1.80713791666667,1.95834,2.07306,0.365556,0.521135,0.1133092
"11",11,0.231306899848324,55.1534,-0.6457505,-0.89967425,-1.049238,1.87827,26.04965,57.253725,371.3635,35.43795,0.0409345220833333,0.617534777054298,0.212709332077769,0.210982416666667,0.309532237855576,0.0176801261666667,0.0169628172916667,0.00719420102083333,22.7016,22.64513,5.03225503225,4.55865229166667,6.35430520833333,3.63912625,2.12308325,2.90811104166667,1.73817014583333,1.78676291666667,1.95834,2.07306,0.365556,0.521135,0.1133092
"12",12,0.472625129733542,51.93622,-0.6070315,-0.87780625,-1.382305,1.88736458333333,25.36915,56.202275,371.98775,57.1459,0.123762075416667,1.47764816190475,0.217541115871405,0.210873520833333,0.309531978617112,0.0674824266666667,0.0454477169583333,0.0106567165625,22.70260375,22.64513,5.03225503225,4.52662541666667,6.31516333333333,3.59367166666667,2.12460960416667,2.9075675,1.7432190625,1.76850520833333,1.95834,2.073085625,0.36556375,0.521128520833333,0.113307836458333
"13",13,1.2101271494583,52.44828,-0.63665925,-0.89534375,-1.7930525,1.8806275,25.980175,55.542925,372.46125,34.3039,0.231371416666667,2.71280563229097,0.216268568283907,0.21043625,0.309531887066892,0.119882939583333,0.0946571560416667,0.0163734727291667,22.7097941666667,22.64513,5.03225503225,4.49696416666667,6.27608854166667,3.549041875,2.12214170833333,2.90683708333333,1.747267875,1.754935,1.95834,2.07327125,0.365620333333333,0.521081875,0.113297844791667
"14",14,1.45792196646488,52.8822,-0.6704295,-0.922843,-1.7366175,1.863239375,26.4641,55.4468,372.78875,28.368,0.242579525,2.63302323176528,0.21382344736395,0.209788875,0.309531759064468,0.112855260416667,0.111768571666667,0.0180422804166667,22.724975625,22.64513,5.03225503225,4.4686175,6.237519375,3.50614541666667,2.11884745833333,2.90578729166667,1.7504379375,1.74280958333333,1.95834,2.07367,0.3657421875,0.5209818125,0.113275956666667
"15",15,1.68196908669983,53.379,-0.7058985,-0.97196175,-1.839715,1.84745770833333,26.584475,55.503075,373.131,25.863275,0.257741852916667,2.57114195060115,0.211475009422319,0.209021458333333,0.309531606477468,0.108991517083333,0.129390291666667,0.0197609216666667,22.7418433333333,22.64513,5.03225503225,4.44153645833333,6.199446875,3.465111875,2.11461970833333,2.90438270833333,1.7527905625,1.730115,1.95834,2.07411541666667,0.3658786875,0.520869625,0.113251551041667
"16",16,1.82110605618666,53.78702,-0.74208225,-0.97679425,-1.9511325,1.83393604166667,26.581875,55.533075,373.551,24.4775,0.261343690416667,2.50887845641266,0.209263090209454,0.208181083333333,0.309531440952642,0.103216081875,0.138704254166667,0.020821,22.7571972916667,22.64513,5.03225503225,4.41438229166667,6.16178166666667,3.42542125,2.11140235416667,2.90262520833333,1.754307625,1.71707520833333,1.95834,2.074525,0.366003666666667,0.520767,0.113229253333333
"17",17,1.64524050224842,53.84548,-0.779163,-0.9999395,-1.7884725,1.822324375,26.517925,55.4965,374.0055,24.716225,0.252426695416667,2.49646212235687,0.207222430711457,0.2073031875,0.309531263031014,0.0921233041666667,0.140283359583333,0.0213746933333333,22.77249625,22.64513,5.03225503225,4.38759791666667,6.12455729166667,3.386665,2.10726158333333,2.90052770833333,1.75490520833333,1.70497979166667,1.95834,2.07493229166667,0.366128083333333,0.520664854166667,0.113207020833333
"18",18,1.64317895893855,54.15358,-0.81857025,-1.028825,-1.7948475,1.81312145833333,26.439,55.4047,374.4595,24.172525,0.244093585416667,2.44004352271484,0.205385696219835,0.2064161875,0.309531078899964,0.0827989208333333,0.139993670833333,0.0219451722916667,22.7891910416667,22.64513,5.03225503225,4.361175,6.087711875,3.348885,2.10241479166667,2.898673125,1.75422739583333,1.69295104166667,1.95834,2.075375625,0.366263791666667,0.520553416666667,0.113182826875
"19",19,0.924635556172966,54.58212,-0.85276025,-1.01966,-1.5623425,1.80797958333333,26.069425,55.2459,374.946,31.4668,0.148491840208333,2.17349835086603,0.204034433746404,0.205647645833333,0.309530903204802,0.0453272690833333,0.091406039375,0.0180998185416667,22.8049322916667,22.64513,5.03225503225,4.334528125,6.04930854166667,3.31208645833333,2.09768810416667,2.9029825,1.75212958333333,1.67995458333333,1.95834,2.07579770833333,0.366392729166667,0.520447583333333,0.113159848125
"20",20,0.613719818526327,55.3126,-0.8714695,-0.996968,-1.414015,1.80343125,25.72345,54.958075,375.5585,29.8111,0.0876364435416667,1.24164226323983,0.20329970505,0.2052218125,0.309530761483951,0.0242318441666667,0.055059555625,0.013823511875,22.8109404166667,22.64513,5.03225503225,4.30531041666667,6.01019208333333,3.27559145833333,2.09685075,2.90878770833333,1.74934702083333,1.66448354166667,1.95834,2.07596333333333,0.366442479166667,0.520406270833333,0.113150756458333
"21",21,0.728767980352955,54.7928,-0.88921975,-1.0030875,-1.5267,1.7949575,25.223,54.4663,376.16375,34.56375,0.105793639770833,1.52655666107499,0.202704060722699,0.204859666666667,0.309530624270647,0.0325075465,0.0634891125,0.0164180814375,22.8122666666667,22.64513,5.03225503225,4.27538229166667,5.97082645833333,3.238735625,2.09747664583333,2.91437541666667,1.7461009375,1.65011333333333,1.95834,2.07599604166667,0.366453125,0.520398145833333,0.113149176666667
"22",22,1.11084068337312,54.93032,-0.92375,-1.02677,-1.8923375,1.76802625,25.443475,54.037025,376.6255,33.88445,0.198129556666667,2.45764684085337,0.201655284742109,0.20432525,0.309530444873553,0.0631052827083333,0.115042999791667,0.0233199225,22.8193327083333,22.64513,5.03225503225,4.24688770833333,5.93153229166667,3.20191604166667,2.0954360625,2.91975166666667,1.74238808333333,1.639310625,1.95834,2.07617625,0.366507833333333,0.520352895833333,0.113139252708333
"23",23,1.4441314207244,55.79614,-0.97592475,-1.090355,-2.016965,1.725816875,25.9452,54.048425,376.9305,27.784125,0.231857979375,2.60830119379438,0.200380085955892,0.203514604166667,0.309530194522598,0.0605531842916667,0.142212885416667,0.0295397922916667,22.8370954166667,22.64513,5.03225503225,4.22122,5.89269145833333,3.16632166666667,2.0871058125,2.92486520833333,1.73811047916667,1.63146770833333,1.95834,2.07664104166667,0.366649895833333,0.520236145833333,0.113113889583333
"24",24,1.71634116262801,56.59216,-1.0322425,-1.17272,-2.0722125,1.6804625,26.065825,54.19475,377.229,23.530725,0.252522660416667,2.40318355424136,0.199203619296248,0.202547916666667,0.309529886926155,0.0557682146666667,0.160817239583333,0.0342751114583333,22.8557322916667,22.64513,5.03225503225,4.19788395833333,5.85445520833333,3.13232979166667,2.07394833333333,2.92965895833333,1.73314385416667,1.62348020833333,1.95834,2.07713854166667,0.366801395833333,0.520111666666667,0.113086760208333
"25",25,1.95742562070012,57.41136,-1.093455,-1.2512625,-2.1383375,1.63321979166667,25.902625,54.221675,377.5475,20.359575,0.254997289583333,2.28541433673598,0.198088987816554,0.201507020833333,0.309529525339561,0.0488720354166667,0.166518925,0.0388653810416667,22.869809375,22.64513,5.03225503225,4.17629604166667,5.81679229166667,3.09956979166667,2.0577415625,2.93410395833333,1.72742508333333,1.61545,1.95834,2.07752,0.366918166666667,0.520015979166667,0.113065994791667
"26",26,2.28883198791377,58.24766,-1.1543875,-1.358255,-2.1314925,1.58621291666667,25.6725,54.125425,377.86475,16.24495,0.247808788333333,1.92120328603328,0.197106437083607,0.200464270833333,0.309529116511125,0.0494027622083333,0.1586458125,0.0398454483333333,22.8790020833333,22.64513,5.03225503225,4.15601666666667,5.77961270833333,3.0676825,2.03900758333333,2.93819708333333,1.7209354375,1.60757958333333,1.95834,2.077781875,0.366997583333333,0.51995075,0.113051727916667
"27",27,1.81893526224065,59.26968,-1.21374,-1.34905,-2.1149075,1.538245625,25.403,53.8879,378.17575,19.06475,0.214031001458333,2.13424092266441,0.1960621615338,0.1995905,0.309528756614614,0.0353826025,0.140840900833333,0.0381415745833333,22.88312,22.64513,5.03225503225,4.13630479166667,5.74279645833333,3.03635666666667,2.01866745833333,2.941913125,1.71361102083333,1.59914854166667,1.95834,2.07790583333333,0.367035291666667,0.5199195625,0.113044957291667
"28",28,1.65061848365542,59.6563,-1.2661,-1.4389225,-2.2118375,1.502013125,25.443275,53.676425,378.4455,21.22355,0.229470933333333,2.31284925569252,0.195549915145911,0.198620125,0.309528261213383,0.025686808375,0.151597647916667,0.0514659166666667,22.8941960416667,22.64513,5.03225503225,4.114865,5.706265,3.00559354166667,2.00277910416667,2.94525791666667,1.70546570833333,1.59284729166667,1.95834,2.07820666666667,0.367126916666667,0.519844333333333,0.113028642291667
"29",29,1.90185351808739,60.48468,-1.3229425,-1.5144825,-2.23912,1.460101875,25.449875,53.566125,378.67375,17.877775,0.2362144,2.16067370037579,0.194926172577996,0.1976804375,0.309527706945202,0.03290630625,0.147367258333333,0.05594076875,22.9073235416667,22.64513,5.03225503225,4.09371791666667,5.670114375,2.97565166666667,1.98724104166667,2.948214375,1.69650666666667,1.587290625,1.95834,2.07856375,0.367235833333333,0.519755,0.113009323541667
"30",30,1.85640178620234,61.20008,-1.3844575,-1.5905725,-2.4030325,1.413984375,25.335225,53.45125,378.886,18.86565,0.233615214583333,2.19334099462581,0.194215385672883,0.196768645833333,0.309527102756453,0.0322825289583333,0.140895320833333,0.0604373104166667,22.9172697916667,22.6451227083333,5.03228190760229,4.07350125,5.634354375,2.94647958333333,1.97036958333333,2.950645625,1.686636125,1.581641875,1.958414375,2.07884041666667,0.367319645833333,0.519685895833333,0.112994517916667
"31",31,1.80611328696469,62.49634,-1.4411825,-1.6375675,-2.434185,1.36949979166667,24.9631,53.15615,379.05875,18.501625,0.22138530625,2.12045322398658,0.193607019559775,0.195932020833333,0.309526475538705,0.02931791875,0.128420975,0.0636464229166667,22.9275995833333,22.6450897916667,5.03241336771417,4.05389333333333,5.59945479166667,2.918004375,1.95242820833333,2.95044791666667,1.67581172916667,1.57173083333333,1.96248166666667,2.07534541666667,0.367406229166667,0.519613395833333,0.112980551875
"32",32,2.15105360389089,63.8015,-1.505545,-1.69641,-2.5374275,1.304141875,22.4897,51.3775,379.02125,15.279925,0.222475478041667,1.8759413312005,0.192909918981611,0.195130583333333,0.309525824621459,0.0377468277083333,0.122766674583333,0.06206259625,22.9345152083333,22.6448970833333,5.03260253717125,4.03627583333333,5.56608854166667,2.890158125,1.92931925,2.94294833333333,1.66397947916667,1.53239166666667,1.98999041666667,2.04692458333333,0.367468041666667,0.519560145833333,0.112971746875
"33",33,1.99409614751673,65.54376,-1.575085,-1.72645,-2.48241,1.23560291666667,20.902825,48.667075,378.48375,14.658475,0.197177317145833,1.96787517796099,0.192049828684883,0.1944044375,0.30952527564981,0.0290533072916667,0.111294373333333,0.0571238216666667,22.9366479166667,22.6445572916667,5.0328008739225,4.02049729166667,5.53150854166667,2.862360625,1.8993984375,2.93427104166667,1.65102185416667,1.49350208333333,2.02061625,2.01584854166667,0.367492520833333,0.519537145833333,0.11297017875
"34",34,0.752229969621909,68.29558,-1.6102525,-1.78411,-2.24209,1.1990425,19.96175,46.477,377.4955,24.765975,0.0856495302916667,1.8630415544733,0.191934618782899,0.193823645833333,0.309524703606544,-0.00660037875,0.0487710514583333,0.0443510175,22.9424891666667,22.6444295833333,5.03344484064521,4.00138,5.49527020833333,2.83440479166667,1.87628027083333,2.925103125,1.63687547916667,1.46493541666667,2.04535,1.991125,0.367540395833333,0.51949125,0.112968280416667
"35",35,0.508834345229579,38.87764,-0.92965125,-1.7972525,-1.42629,1.424458125,21.1672,46.168125,376.42425,46.330125,0.0948950410416667,1.01160134425841,0.22829406549771,0.194748666666667,0.309526994726315,0.165244533958333,-0.0864788077083333,0.0368098370833333,22.9517666666667,22.645576875,5.03548152999958,3.97724895833333,5.458086875,2.80636020833333,1.86628708333333,2.915529375,1.62160970833333,1.46922208333333,2.04535,1.99144666666667,0.367601854166667,0.519422520833333,0.112975716458333
"36",36,0.792845428312533,54.68228,-0.83897575,-1.08923,-1.9781,1.63803791666667,22.1359,46.3166,375.464,48.597975,0.227027459291667,2.72849878819653,0.255364617924691,0.196495458333333,0.309526634235226,0.304397637625,-0.0874520146458333,0.037522377,22.9591485416667,22.6457395833333,5.03668029460313,3.95350541666667,5.42080458333333,2.77848,1.85411772916667,2.90549354166667,1.60516920833333,1.47358416666667,2.04535,1.99166333333333,0.367652770833333,0.5193688125,0.112978429166667
"37",37,1.39100466607453,54.7216,-0.839804,-1.120405,-1.9171175,1.64587708333333,23.637125,47.0272,374.427,30.610475,0.263056285833333,3.14042095604795,0.2481866844553,0.197055958333333,0.309526145994718,0.327029945833333,-0.0777690791666667,0.0396407983333333,22.9856977083333,22.6468558333333,5.03897844565917,3.93451270833333,5.384910625,2.75205708333333,1.828978,2.89463979166667,1.58734283333333,1.482760625,2.04535,1.992416875,0.367848416666667,0.5191871875,0.112964312916667
"38",38,1.75954013309265,55.43772,-0.84990125,-1.1110625,-1.9839625,1.649166875,24.4785,48.002775,373.58475,25.313475,0.285737358333333,2.86454725745935,0.240955874713978,0.197528041666667,0.309526102771826,0.331501614583333,-0.066346517125,0.0396261241666667,23.01593375,22.648231875,5.04174431022062,3.917245625,5.35110875,2.72789583333333,1.800853875,2.88343125,1.56787660416667,1.48854208333333,2.04535,1.99329125,0.368072895833333,0.5189776875,0.112949550208333
"39",39,1.78176299545048,56.12324,-0.874334,-1.0988825,-2.071565,1.64978291666667,24.819075,48.8731,373.0595,24.878625,0.271935992708333,2.81497668790606,0.234013129388753,0.1978939375,0.30952604444836,0.302489745833333,-0.0426639272916667,0.0374054533333333,23.0387097916667,22.6492064583333,5.04432059010083,3.89960041666667,5.31874708333333,2.705155,1.7742084375,2.87196125,1.5465805,1.49078416666667,2.04535,1.993963125,0.368240375,0.518816041666667,0.112943660208333
"40",40,1.5295524405651,55.9493,-0.91184375,-1.07566,-1.9445475,1.64628958333333,25.27495,49.562975,372.77425,27.214075,0.259273401875,2.89271899754858,0.227676921502811,0.198159833333333,0.309526091876341,0.2833320125,-0.0444395108125,0.0391144035416667,23.0625370833333,22.6507539583333,5.04767354494125,3.88121875,5.287308125,2.68308208333333,1.74979922916667,2.86011354166667,1.52325022916667,1.49203916666667,2.04535,1.99469145833333,0.3684083125,0.518647458333333,0.112944349166667
"41",41,1.58150717716594,56.93732,-0.9614675,-1.12995,-1.9842975,1.62607229166667,25.577075,50.148575,372.608,24.477525,0.23329291875,2.84369694878872,0.221653279326517,0.198439020833333,0.309526147283456,0.2431202375,-0.0310698308333333,0.036754256875,23.088230625,22.6520797916667,5.05098337480479,3.86484416666667,5.25679270833333,2.66184875,1.719969125,2.8475975,1.49765864583333,1.49379229166667,2.04555416666667,1.99546458333333,0.368593625,0.5184643125,0.112942127291667
"42",42,1.81411716359618,58.36182,-1.0064425,-1.173765,-2.057725,1.58204270833333,24.855,50.13235,372.5785,22.0189,0.249509274166667,2.613310846814,0.2168732072619,0.198503125,0.309526165709719,0.201434314833333,0.0111046485416667,0.03982259625,23.1099152083333,22.6530454166667,5.05410486992396,3.84912604166667,5.227490625,2.64158791666667,1.68813391666667,2.83129333333333,1.4694435,1.48174979166667,2.055809375,1.98660666666667,0.368750541666667,0.518305604166667,0.112943832916667
"43",43,1.62156867460133,59.54772,-1.04129,-1.2286,-2.0315775,1.53332291666667,22.368075,48.44125,372.42725,22.927925,0.214355802083333,2.72773738279913,0.212912423941507,0.198430395833333,0.309526064899802,0.150571989583333,0.0142981810416667,0.0402761820833333,23.1264079166667,22.6531308333333,5.05657302568208,3.83547520833333,5.19857541666667,2.621980625,1.64680695833333,2.80964541666667,1.43803108333333,1.44273520833333,2.08744895833333,1.95695729166667,0.368872895833333,0.518180166666667,0.112947061041667
"44",44,1.19365905075068,60.41808,-1.066925,-1.250235,-1.98519,1.495305,21.1003,46.16865,371.83975,27.993325,0.219083583333333,3.11683925163332,0.209578709733956,0.198319916666667,0.309526148364812,0.1488422915625,0.0188163264583333,0.04206426125,23.1479635416667,22.6545497916667,5.06057140566417,3.8215925,5.16832854166667,2.6028275,1.60197516666667,2.78665520833333,1.40261885416667,1.409749375,2.11812854166667,1.9288425,0.3690205,0.5180218125,0.112957826458333
"45",45,1.40769747691341,60.858,-1.09517,-1.2636525,-2.0227325,1.477389375,22.295675,45.59775,370.93325,24.34795,0.217796697916667,2.78656443730257,0.206343991484999,0.19816775,0.309526578817525,0.141356289166667,0.0266287277083333,0.0422484960416667,23.1756641666667,22.6585160416667,5.06735606407188,3.80575208333333,5.13814479166667,2.58422270833333,1.56371470833333,2.75813333333333,1.36208797916667,1.40798375,2.12652,1.92199583333333,0.369190708333333,0.5178218125,0.112987472916667
"46",46,0.902872960238966,61.2018,-1.1333275,-1.323305,-1.8278775,1.46722541666667,23.6372,45.95005,370.03975,28.995125,0.152459488333333,2.4851673821617,0.20327747492104,0.1980298125,0.309527005871382,0.101966903541667,0.011233178625,0.0364289066666667,23.2006845833333,22.6622560416667,5.07409363916438,3.79011354166667,5.109470625,2.56667833333333,1.52638566666667,2.720606875,1.31479216666667,1.418673125,2.12652,1.92286479166667,0.369343520833333,0.517636291666667,0.113020137916667
"47",47,0.885689172786148,61.2979,-1.15861,-1.27319,-1.9867425,1.45714541666667,24.099225,46.52785,369.44825,33.044625,0.162939646041667,2.63896626874315,0.201168367663493,0.197901395833333,0.309527848244815,0.0990450227083333,0.0232667547916667,0.0372381191666667,23.2146852083333,22.6684958333333,5.08347332438458,3.77042395833333,5.08161125,2.5505325,1.50373470833333,2.67968729166667,1.25740891666667,1.42644979166667,2.12652,1.92358166666667,0.369382020833333,0.517523291666667,0.113094685208333
"48",48,1.15053570824324,62.1951,-1.21144,-1.300425,-2.06949,1.428786875,24.997575,47.273875,368.949,25.8587,0.187803720625,2.93270131074807,0.198845912387694,0.1976854375,0.309528530285542,0.0996850256875,0.0456068114583333,0.0431908645833333,23.236049375,22.6739747916667,5.09223612876708,3.75214333333333,5.05510666666667,2.53737604166667,1.47765679166667,2.63682958333333,1.17874097916667,1.432306875,2.12652,1.92444541666667,0.369484520833333,0.517361979166667,0.113153399791667
"49",49,1.53688138351376,63.75628,-1.2852825,-1.397745,-2.19787,1.37319145833333,25.5961,48.0766,368.626,20.213875,0.210649039583333,2.68582261952996,0.196692502769525,0.197274416666667,0.30952896864085,0.0827378066666667,0.0795193791666667,0.0492375341666667,23.2572439583333,22.677806875,5.09949996023563,3.73542166666667,5.03083770833333,2.531675,1.4478801875,2.58923770833333,1.04705370833333,1.43763895833333,2.12652,1.92523666666667,0.369601583333333,0.517200104166667,0.113198227916667
"50",50,1.95734058440699,64.9103,-1.3622875,-1.5296325,-2.329265,1.31618729166667,25.671375,48.69105,368.4645,16.13725,0.230798954166667,2.23060389137378,0.195061804196013,0.196626520833333,0.309528944043284,0.065535621875,0.110222141666667,0.0550411354166667,23.272464375,22.67837375,5.10365230266833,3.72169333333333,5.00871125,2.5230725,1.41042564583333,2.53565666666667,0.941022645833333,1.44403020833333,2.12652,1.92574229166667,0.369703791666667,0.5170748125,0.113221358333333
"51",51,0.908993779446228,67.76884,-1.43078,-1.5719875,-2.0817625,1.27248770833333,25.51355,48.987925,368.42025,21.31035,0.154787733541667,2.18620703614046,0.194042534047034,0.195952104166667,0.309528720256635,0.0287862349791667,0.0813609291666667,0.0448916995833333,23.2788583333333,22.6768633333333,5.10593733527708,3.70949166666667,4.98720791666667,2.50932104166667,1.37035379166667,2.48329395833333,0.877393395833333,1.44893708333333,2.12652,1.92593770833333,0.369755208333333,0.517006,0.113238880208333
"52",52,1.63507498457717,66.08854,-1.4719875,-1.6245425,-2.4754175,1.24392416666667,25.6083,49.069925,368.42425,18.5082,0.201611366666667,2.53787015508161,0.193554080973774,0.195342104166667,0.309528601562079,0.0395039834166667,0.102151522916667,0.0607789666666667,23.29135875,22.6767983333333,5.10988113499896,3.69458520833333,4.96605145833333,2.49937895833333,1.34016879166667,2.43236208333333,0.787985770833333,1.45510395833333,2.12652,1.926346875,0.369837625,0.516898166666667,0.113264155
"53",53,2.38014178109905,66.79608,-1.5376475,-1.779295,-2.5329625,1.19880520833333,25.5711,49.226225,368.398,12.57025,0.206605114166667,1.91696835987041,0.192677876406114,0.194610875,0.309528371605521,0.0386669431041667,0.106293505625,0.0617685225,23.3031777083333,22.6761891666667,5.11348555690167,3.6819675,4.94536770833333,2.50132083333333,1.30571822916667,2.38268791666667,0.610045983333333,1.46178645833333,2.12652,1.92673479166667,0.369922125,0.516790354166667,0.113287477291667
"54",54,2.54092650904965,68.00126,-1.61365,-1.7613075,-2.516025,1.15103604166667,25.3863,49.209825,368.41425,10.5079075,0.17848805525,1.83386045107536,0.191753946885095,0.193927708333333,0.309527969754663,0.0340757108333333,0.0952053672916666,0.0497957772916667,23.3044725,22.6731216666667,5.11488099899042,3.671098125,4.925074375,2.49476354166667,1.26870952083333,2.33420479166667,0.495481974375,1.46753083333333,2.12652,1.92675708333333,0.369945770833333,0.516749604166667,0.11330453125
"55",55,1.4029442016369,69.51756,-1.671195,-1.83451,-2.408575,1.11283604166667,25.39825,49.098175,368.40925,14.773625,0.177383605895833,2.17223361708451,0.19112857048755,0.1933060625,0.309527613826911,0.0231241504583333,0.0959064866458333,0.0585246085,23.306484375,22.6701625,5.11658581968438,3.65984583333333,4.905008125,2.47477166666667,1.23481175,2.287040625,0.484807118270833,1.47316,2.12652,1.926798125,0.369971645833333,0.5167046875,0.113323666041667
"56",56,2.03884286110365,69.59682,-1.73183,-1.8957475,-2.559695,1.07356020833333,25.2427,49.038325,368.3425,11.4432,0.167886168875,1.77077499890783,0.190542351733851,0.192648041666667,0.309527221770802,0.0286759075895833,0.0875321739583333,0.05214721125,23.3095514583333,22.667306875,5.11859356060208,3.649595,4.88509020833333,2.45466083333333,1.20081285416667,2.241165625,0.480151599,1.480638125,2.12652,1.926889375,0.370006604166667,0.516648791666667,0.113344697708333
"57",57,2.56605011428763,70.10822,-1.7960725,-1.9647525,-2.66872,1.03402416666667,24.982775,48.8738,368.23625,9.2973975,0.163017734791667,1.66746742089183,0.189930507447653,0.192051833333333,0.309526699462683,0.0248231035416667,0.08517210875,0.0536160070833333,23.3039347916667,22.6628152083333,5.11922149671938,3.64195583333333,4.86556166666667,2.435115,1.16330875,2.1962725,0.475861995239583,1.48571145833333,2.12680729166667,1.92669833333333,0.36998775,0.5166476875,0.113364604791667
"58",58,2.23378203211322,71.0154,-1.8467,-2.030465,-2.664105,0.995531625,23.47995,48.051575,368.04375,9.9464775,0.126678962041667,1.58955287721511,0.189534200878782,0.1915259375,0.309526172794878,-0.000219209250000001,0.0664557761666667,0.060231090875,23.2983902083333,22.6580670833333,5.11983193325271,3.63366145833333,4.84604625,2.41597770833333,1.1297984375,2.15245708333333,0.4716303327625,1.47349541666667,2.14031,1.91408645833333,0.369969395833333,0.5166458125,0.113384837708333
"59",59,1.39389017638955,72.02568,-1.86897,-2.0445575,-2.6632275,0.981217166666667,24.039875,47.4228,367.71825,15.104375,0.146296627645833,2.2000093794284,0.189553144693462,0.191096145833333,0.309525598134928,0.0082007,0.0637812846458333,0.0736544985416667,23.2993672916667,22.65421125,5.12152988120188,3.62106145833333,4.82582291666667,2.39720333333333,1.10669435416667,2.10984979166667,0.4674023174,1.48025229166667,2.14031,1.91408020833333,0.3699905,0.516602791666667,0.113406700625
"60",60,1.2741970819392,72.69582,-1.8987625,-2.1266575,-2.6273175,0.963661083333333,24.53195,47.335925,367.2555,14.795325,0.137372358333333,2.08343914918397,0.189454477703714,0.190688979166667,0.309525181495686,0.00247308069166667,0.048987950125,0.084646080625,23.308308125,22.6525704166667,5.12565160387125,3.60770916666667,4.80571375,2.37914708333333,1.08657489583333,2.068445625,0.46316408928125,1.48954958333333,2.1403975,1.91437854166667,0.370053291666667,0.5165058125,0.113440944375
"61",61,1.37243320984843,73.05818,-1.9216525,-2.1501075,-2.6345125,0.949554583333333,24.378825,47.23115,366.78425,13.332675,0.145544070833333,2.13172113587629,0.189359694454521,0.190391166666667,0.309524854179191,0.0113392372916667,0.0449758804166667,0.0877358541666667,23.3191414583333,22.651533125,5.130577085125,3.59421604166667,4.78602458333333,2.362033,1.06787483333333,2.02814479166667,0.458902561622917,1.49332020833333,2.14474479166667,1.91100895833333,0.370124458333333,0.516394708333333,0.113480856041667
"62",62,2.21984905316786,72.76374,-1.970045,-2.23192,-2.8623725,0.914888270833333,23.358875,46.73335,366.2815,10.140155,0.169493012083333,1.73619068144184,0.1889042023807,0.190024291666667,0.309524266463725,0.02700851844375,0.0582726302520833,0.0838332089583333,23.3239047916667,22.6484945833333,5.13371504906562,3.58238645833333,4.76631270833333,2.34558320833333,1.04710452083333,1.988900625,0.45461658634375,1.48705979166667,2.15579479166667,1.90117604166667,0.370167645833333,0.516319895833333,0.113512489791667
"63",63,2.15942742717877,73.7554,-2.0278575,-2.2100875,-2.8492825,0.878567291666667,23.7295,46.362025,365.6785,9.3828425,0.14404555125,1.69218527115064,0.188294811756339,0.189633541666667,0.309523643670623,0.0212829273125,0.0550352216666667,0.06635344375,23.320211875,22.643215625,5.13483591006458,3.57225145833333,4.7463375,2.3295761875,1.0243911875,1.95060729166667,0.450297406904167,1.499113125,2.15650979166667,1.90040479166667,0.3701639375,0.516299458333333,0.113536578125
"64",64,2.4582105508576,74.31364,-2.08131,-2.26802,-2.91167,0.847257895833333,23.812175,46.201075,365.02975,8.0903875,0.139186029166667,1.57620237561002,0.187831977216071,0.189249645833333,0.309523000936693,0.0181794376,0.0539665827083333,0.065597448125,23.3147560416667,22.6373589583333,5.13566197718062,3.56301979166667,4.72675083333333,2.313870125,1.001497375,1.91299104166667,0.445911757075,1.50574854166667,2.15748916666667,1.899355,0.3701509375,0.5162885,0.113560702291667
"65",65,2.46571866195479,74.95214,-2.12957,-2.3221325,-2.9381775,0.817908979166667,23.6729,46.015475,364.37425,7.662645,0.135362640125,1.55094089951232,0.187445469102927,0.188881958333333,0.309522327895416,0.015141278125,0.0519646784166667,0.066884801875,23.3078822916667,22.6309008333333,5.13617783360125,3.55382666666667,4.70771895833333,2.29827516666667,0.979986270833333,1.876000625,0.441455716654167,1.50665104166667,2.160021875,1.897013125,0.370130666666667,0.516285145833333,0.113584209791667
"66",66,2.72875682165622,75.29778,-2.174875,-2.37095,-3.0301925,0.7877324375,22.551925,45.453725,363.67075,7.0808075,0.130367388958333,1.3636605682276,0.187104128085741,0.188527583333333,0.309521599095938,0.0143391635416667,0.0487114202083333,0.0654214777083333,23.2990147916667,22.6238554166667,5.13635389559396,3.54547208333333,4.68884958333333,2.28292114583333,0.958349708333333,1.83980270833333,0.436957683227083,1.49557854166667,2.17077958333333,1.88737645833333,0.370099645833333,0.516292666666667,0.1136075725
"67",67,2.62162995023197,75.95494,-2.2185425,-2.4183275,-3.0614475,0.758035604166667,21.314575,44.3345,362.835,7.10907,0.130742338958333,1.41169578403639,0.186794519703176,0.188194229166667,0.309520829289125,0.0125661878541667,0.0473984016875,0.0688902541666667,23.288283125,22.6163191666667,5.13625558039708,3.53765875,4.66922458333333,2.26752647916667,0.936817958333333,1.80449229166667,0.432437038410417,1.47811333333333,2.18686,1.873333125,0.370057520833333,0.516311270833333,0.113631267916667
"68",68,2.30255967705319,76.9019,-2.2556475,-2.4637275,-3.0328775,0.727367604166667,19.39325,42.31185,361.7535,7.3164225,0.116676981166667,1.42653470599309,0.186550729867127,0.187884729166667,0.309520044248442,0.0086807803375,0.0397842234791667,0.0667390137916667,23.278511875,22.6086639583333,5.13622747472313,3.52841791666667,4.64853833333333,2.25190889583333,0.918188916666667,1.770130625,0.427909968041667,1.44676020833333,2.21519583333333,1.84900875,0.3700223125,0.516323,0.113654561458333
"69",69,0.907667733386038,79.47032,-2.2669425,-2.5007425,-2.893695,0.7107011875,18.09,40.108975,360.31925,13.459575,0.0749069906875,2.05816043684269,0.186577228109505,0.187689145833333,0.309519409749556,-0.0170862541145833,0.0113283573125,0.07502702425,23.2727589583333,22.6019222916667,5.13729771387292,3.51645104166667,4.62668604166667,2.23622745833333,0.903868104166667,1.73666104166667,0.42337404481875,1.41875666666667,2.24392791666667,1.82481166666667,0.370007479166667,0.516309770833333,0.113682855
"70",70,1.21866854918531,78.11936,-2.24923,-2.4791775,-3.019045,0.795784416666667,19.008975,39.147925,358.58025,12.9982,0.0899813460416667,2.18541370022461,0.193264219508113,0.187711020833333,0.309519231402096,0.00671496235208333,0.00923110208333333,0.0732752704166667,23.2802279166667,22.6000408333333,5.14344904601583,3.50076354166667,4.60464770833333,2.22074691666667,0.895081166666667,1.70404541666667,0.4188290270125,1.42243166666667,2.25614625,1.81508625,0.370048395833333,0.516209625,0.113742009791667
"71",71,1.39568373191506,68.34032,-1.6854625,-1.7850775,-2.6565325,1.03844854166667,19.929425,39.064825,356.80625,19.737325,0.16451942375,2.06596170960165,0.212810598673938,0.1882601875,0.309519525422711,0.219679269625,-0.106091741041667,0.07000429375,23.2876804166667,22.598101875,5.14973037997042,3.48504833333333,4.58274416666667,2.20597952083333,0.886875854166667,1.67227833333333,0.414276786108333,1.4430675,2.260683125,1.8116775,0.3700900625,0.516106208333333,0.113803684166667
"72",72,1.79097733056267,69.66916,-1.6879675,-1.84658,-2.6936325,1.02614270833333,21.57625,39.4547,355.094,15.248425,0.179745371666667,2.59640122321659,0.207475036197796,0.189003708333333,0.309519111063257,0.197169682291667,-0.0887462412708333,0.072605322125,23.29080875,22.5931266666667,5.15318418621146,3.47101208333333,4.561156875,2.19244579166667,0.877033083333333,1.64130541666667,0.409707674525,1.46868833333333,2.26130166666667,1.81123666666667,0.370124416666667,0.516031833333333,0.113843705
"73",73,1.0405753648561,69.37758,-1.6757925,-1.8357575,-2.33235,1.03320208333333,22.661575,40.170575,353.4705,17.885775,0.122715385833333,2.31796523019763,0.203653358777418,0.189592791666667,0.309519112951089,0.125203420916667,-0.065637365,0.06435717375,23.301404375,22.5911310416667,5.15982614980938,3.45707416666667,4.54145104166667,2.17993004166667,0.8674420625,1.61116708333333,0.405135264322917,1.48726708333333,2.26138041666667,1.811539375,0.370189416666667,0.515906708333333,0.113904015208333
"74",74,1.04390309477146,69.71874,-1.6339125,-1.78937,-2.4439125,1.049704375,22.9818,40.8629,352.0905,22.206625,0.115475325208333,2.67135523690239,0.201553590706272,0.190094520833333,0.30951940245064,0.122814365416667,-0.0783054645833333,0.0698879208333333,23.313340625,22.5908616666667,5.16830417377062,3.44171729166667,4.52326979166667,2.16730341666667,0.860093354166667,1.58201979166667,0.400597759964583,1.502480625,2.2614,1.81200854166667,0.370247416666667,0.515772395833333,0.113980181458333
"75",75,0.664841048964996,69.0467,-1.58817,-1.75632,-2.1050925,1.073804375,22.966875,41.560275,350.86925,22.31,0.0439812021041667,0.492991019031596,0.200368571133605,0.19063925,0.309519794570558,0.0564612679166667,-0.062778591875,0.05115929,23.3245054166667,22.5908997916667,5.17718886869104,3.42602645833333,4.505999375,2.15493179166667,0.853788979166667,1.55394520833333,0.3961202219625,1.514098125,2.2614,1.81250375,0.370296770833333,0.5156401875,0.11406307625
"76",76,1.18718728813521,69.87102,-1.58147,-1.6985875,-2.3846925,1.08401375,23.3184,41.730375,349.91625,19.172825,0.149706749833333,2.89407907729936,0.198954292209144,0.191061854166667,0.309519587020402,0.140237429375,-0.0514409763125,0.0618964159583333,23.3273972916667,22.585563125,5.18073309365312,3.4096325,4.48831041666667,2.1428416875,0.848358291666667,1.52698583333333,0.391719770320833,1.518841875,2.2614,1.81254166666667,0.370327729166667,0.515567541666667,0.114104732916667
"77",77,2.00748088127646,71.21288,-1.6343825,-1.7276425,-2.805565,1.05898541666667,24.381475,42.22355,348.87825,14.2302,0.198102593333333,2.52074313803655,0.195546087551252,0.191293875,0.309520165286237,0.145806272645833,-0.0119413552083333,0.0655352375,23.3428627083333,22.58683375,5.1909519688175,3.39527583333333,4.47187375,2.13130608333333,0.841048958333333,1.50105729166667,0.387393575395833,1.53289583333333,2.2614,1.81318375,0.3703985625,0.515407916666667,0.114193514791667
"78",78,2.05857737856842,72.9965,-1.7352875,-1.88771,-2.7687575,0.993193729166667,24.54115,42.756125,348.03,12.328075,0.188223799270833,2.12830482610598,0.192366440139415,0.1912841875,0.309519896095794,0.0971856183958333,0.0256518965275,0.0655486683333333,23.3467097916667,22.5818720833333,5.19499286571812,3.383001875,4.45590916666667,2.12059485416667,0.831764083333333,1.47601958333333,0.383127968566667,1.540846875,2.2614,1.81329354166667,0.370437458333333,0.515322729166667,0.114239805208333
"79",79,2.47809344216882,74.27846,-1.8282825,-1.9630275,-2.84129,0.935973041666667,24.543975,43.1121,347.34475,9.3892475,0.163969904958333,1.80505476545385,0.190547382919705,0.190973458333333,0.309519415825004,0.0561843695708333,0.05125015875,0.05609261125,23.3427427083333,22.57420625,5.19642102837542,3.37183333333333,4.43929104166667,2.11052147916667,0.821260125,1.45174729166667,0.37890764238125,1.54531520833333,2.2614,1.8131025,0.3704401875,0.515288375,0.114271457291667
"80",80,2.38626838665957,75.27594,-1.90832,-2.07985,-2.86105,0.8911293125,24.403575,43.2505,346.705,9.132775,0.149151022291667,1.69909208517011,0.18943828614274,0.190578125,0.309518822214034,0.0341970571666667,0.0553922358333333,0.0576338322916667,23.335315625,22.5655333333333,5.19698543279146,3.36216354166667,4.42293395833333,2.10080552083333,0.8095305,1.4280175,0.374695749504167,1.54800979166667,2.2614,1.81279208333333,0.3704250625,0.515275041666667,0.114299811666667
"81",81,2.23719673044757,75.67942,-1.9743175,-2.173745,-3.0353075,0.853935541666667,24.42515,43.27745,346.0995,10.1561975,0.163321275833333,1.85089867832906,0.188664699042236,0.190142458333333,0.309518191216263,0.0287312278125,0.0669239708333333,0.0665101216666667,23.3281110416667,22.55662,5.19753108756542,3.35184479166667,4.407200625,2.09166295833333,0.798957458333333,1.40463333333333,0.37045747998125,1.54892375,2.2614,1.81247729166667,0.370411979166667,0.515260125,0.11432807
"82",82,1.87707360933663,76.2985,-2.031905,-2.244315,-3.004275,0.822927770833333,24.67015,43.3105,345.49425,11.20945,0.1471788820625,2.06465100230388,0.188128889983105,0.189684291666667,0.309517598332178,0.0177884071625,0.060025112,0.06857188975,23.32436,22.5484804166667,5.19904966923229,3.34068854166667,4.39208666666667,2.08331170833333,0.789647291666667,1.38162791666667,0.366203630016667,1.54945520833333,2.2614,1.81227875,0.370417145833333,0.515222166666667,0.1143607125
"83",83,2.05653064286751,76.694,-2.0780125,-2.2706675,-3.0195575,0.797715645833333,24.780775,43.3876,344.888,9.781715,0.1364927030625,1.92131096124051,0.187748821594861,0.189274229166667,0.309517082793618,0.0164458779166667,0.0539804915,0.0652263649166667,23.3211335416667,22.5406389583333,5.20101117240021,3.33077291666667,4.37724229166667,2.07563722916667,0.779312166666667,1.35909979166667,0.361956613814583,1.55092770833333,2.2614,1.81211458333333,0.370424208333333,0.5151783125,0.114397496458333
"84",84,2.89724501221693,77.04346,-2.128755,-2.3404525,-3.0852075,0.772124708333333,24.68935,43.417375,344.27875,6.7468325,0.133340380604167,1.62209459671589,0.187363192749295,0.188883770833333,0.309516484309731,0.0145148398333333,0.0515758309791667,0.0658996037083333,23.3150020833333,22.5319516666667,5.20226433549271,3.32331375,4.36254791666667,2.06843097916667,0.7671916875,1.33708041666667,0.357725961708333,1.55263958333333,2.2614,1.811851875,0.370416666666667,0.51515175,0.114431578333333
"85",85,3.08341848884143,77.64142,-2.18185,-2.3734125,-3.080335,0.747178666666667,24.17285,43.29025,343.64775,5.867065,0.126814079791667,1.1654137162786,0.186994743560219,0.188508645833333,0.309515701172473,0.0127814578541667,0.0478835265833333,0.0636478566666667,23.3026260416667,22.521690625,5.2020729011475,3.31865708333333,4.34809541666667,2.061689125,0.753185270833333,1.31555833333333,0.353512409795833,1.55250166666667,2.2614,1.81138791666667,0.370375895833333,0.515163541666667,0.114460703541667
"86",86,2.10520923522995,78.03984,-2.223855,-2.42013,-3.12886,0.725809645833333,24.02955,43.013625,343.001,8.691455,0.1292817975,1.54854858725728,0.186697113513941,0.1881663125,0.309514846458825,0.0123637308625,0.0475101455833333,0.0675144583333333,23.2880316666667,22.510724375,5.20131166978083,3.31367875,4.33385979166667,2.05536620833333,0.739750916666667,1.294501875,0.349311926972917,1.55144604166667,2.2614,1.81083729166667,0.370322083333333,0.5151903125,0.11448759125
"87",87,2.40154117828031,78.42356,-2.2631275,-2.4921875,-3.13434,0.705751395833333,23.992375,42.794075,342.312,7.243265,0.121959648333333,1.40526160183956,0.186444645657035,0.1878420625,0.309514009687167,0.00923838216666667,0.0419218733541667,0.0687829339583333,23.2753533333333,22.5000208333333,5.20092690079979,3.30781791666667,4.31977083333333,2.04957252083333,0.727717520833333,1.27395604166667,0.3451372878125,1.55100833333333,2.2614,1.81034729166667,0.370280520833333,0.515203791666667,0.11451564875
"88",88,2.46951870229024,79.5434,-2.3002775,-2.55613,-3.14753,0.688499,23.838275,42.5443,341.5835,6.5531175,0.112617829791667,1.31981426055391,0.186234270974074,0.18755225,0.309513125263822,0.00732407160416667,0.0361862027083333,0.0673104970833333,23.261375,22.4888997916667,5.20025275424458,3.30269291666667,4.30578854166667,2.04434766666667,0.7154815625,1.253865,0.340979677727083,1.54984916666667,2.2614,1.80981291666667,0.370232083333333,0.515224833333333,0.114543015625
"89",89,1.89033774750614,79.65708,-2.330415,-2.599705,-3.1925225,0.673199125,23.862075,42.26355,340.84925,8.731555,0.12848421375,1.68824513917949,0.186063627407154,0.187294541666667,0.309512281491696,0.00440138114583333,0.037236480375,0.0860752645833333,23.2501122916667,22.478094375,5.20002215412937,3.29488958333333,4.29187333333333,2.03957489583333,0.70582075,1.23419583333333,0.336833741183333,1.54869041666667,2.2614,1.8093475,0.370199625,0.515229479166667,0.114571018333333
"90",90,2.13728898554313,79.64402,-2.367045,-2.6268825,-3.313015,0.655999791666667,23.985775,42.103725,340.091,8.1466475,0.132460791166667,1.54120271325171,0.185866505399814,0.1870186875,0.30951140126526,0.0145401136041667,0.0390749547645833,0.0778298996875,23.243545625,22.4681252083333,5.20070864674167,3.2845225,4.27808125,2.0357565,0.698615291666667,1.215036875,0.33272414184375,1.54969,2.2614,1.809030625,0.370195354166667,0.515202916666667,0.114601737916667
"91",91,2.70484192368296,80.05438,-2.412475,-2.66762,-3.338835,0.633752354166667,23.807125,41.954575,339.29325,6.117695,0.119215261666667,1.22172243486422,0.185552717297152,0.186743333333333,0.309510483936267,0.0104227831875,0.0343680604166667,0.0725724475,23.2328275,22.4570677083333,5.20039367120333,3.27670479166667,4.264535,2.0325363125,0.689663333333333,1.19637979166667,0.3286516441,1.54901354166667,2.2614,1.80857895833333,0.370169791666667,0.515201604166667,0.114628598958333
"92",92,3.07937179622332,80.88526,-2.44708,-2.6835675,-3.3833325,0.614242604166667,23.513125,41.705375,338.46375,5.10923,0.111759278958333,1.0811927565957,0.18533105044581,0.186506770833333,0.309509480840139,0.00757156283333333,0.0301732079166667,0.0717581702708333,23.2167727083333,22.4449047916667,5.1990645190775,3.271755625,4.25108,2.029374375,0.6786635,1.17817166666667,0.324607116120833,1.54668145833333,2.26155833333333,1.807961875,0.370113145833333,0.515233645833333,0.114653184166667
"93",93,2.31712952893373,81.19188,-2.4737075,-2.7200925,-3.38812,0.597839125,22.483525,41.1517,337.56925,6.7007125,0.108445227708333,1.28326777913345,0.185179183878376,0.186302270833333,0.309508458559965,0.005918468375,0.026766645,0.0736635233333333,23.2002164583333,22.432578125,5.19764578295458,3.26689708333333,4.23766375,2.0267945,0.667859333333333,1.16040895833333,0.320592448685417,1.537316875,2.26914020833333,1.80127166666667,0.3700531875,0.515268958333333,0.114677734791667
"94",94,2.73050715590017,81.47122,-2.4925275,-2.7287725,-3.3624375,0.586343916666667,21.968675,40.490175,336.57875,5.18342,0.0962789808541667,1.21628897692915,0.185083746717277,0.186132979166667,0.309507476309853,0.00240666663770833,0.0200462255208333,0.0720252839583333,23.1852047916667,22.420480625,5.19654288353688,3.26184583333333,4.22379145833333,2.02487602083333,0.657596833333333,1.14306770833333,0.316604385070833,1.53891479166667,2.27590145833333,1.79535979166667,0.370003020833333,0.515293729166667,0.114703262083333
"95",95,3.31256896758928,82.45744,-2.5129875,-2.71833,-3.370665,0.576011208333333,21.14365,39.734425,335.466,4.0365175,0.0952065527083333,1.0721194379604,0.185009343692848,0.18599125,0.309506457706501,0.0030255775375,0.0181166775416667,0.0717345514583333,23.1670908333333,22.40782875,5.19507727263896,3.25975520833333,4.2094625,2.02328483333333,0.645471458333333,1.12594666666667,0.31259373219375,1.52978875,2.284085,1.788221875,0.369933708333333,0.515336375,0.114729947916667
"96",96,3.25892594912105,82.53722,-2.53489,-2.77239,-3.4241425,0.565494354166667,20.67105,38.9745,334.24875,4.0750075,0.091956149375,0.949995035881354,0.184904750757208,0.185855770833333,0.309505383816797,0.0046835221875,0.017593084375,0.0674479252083333,23.1476895833333,22.3944904166667,5.19315457442583,3.257211875,4.19496625,2.02204710416667,0.6339473125,1.10894979166667,0.308537338752083,1.52360291666667,2.29017583333333,1.78281395833333,0.369859208333333,0.5153864375,0.114754459583333
"97",97,1.8225675,83.35022,-2.549445,-2.7638725,-3.2697325,0.556976479166667,19.74405,38.1698,332.938,6.0769875,0.0759281863541667,1.07810229393208,0.184855361780927,0.185750395833333,0.309504351558703,-0.00146195729166667,0.0099717048125,0.0657445508333333,23.1287839583333,22.3809060416667,5.19115875094771,3.25318520833333,4.18045041666667,2.02095929166667,0.6237578125,1.09214916666667,0.304455113414583,1.51183229166667,2.30056229166667,1.77406166666667,0.3697893125,0.515432958333333,0.114777867708333
"98",98,2.01674629614902,82.59236,-2.5487225,-2.7772,-3.487475,0.551441958333333,19.223425,37.28555,331.565,7.218925,0.101615912604167,1.52297970429549,0.184843186149686,0.185674208333333,0.309503385636709,0.00636349859791667,0.0155779707083333,0.07837606275,23.1147833333333,22.3679675,5.18994418563208,3.24568416666667,4.16544979166667,2.01997429166667,0.6162506875,1.07566166666667,0.300379132054167,1.50129770833333,2.31216895833333,1.76456104166667,0.3697494375,0.5154484375,0.114802068333333
"99",99,3.06717820649591,83.06476,-2.5784425,-2.81157,-3.4466375,0.537089916666667,18.71415,36.503125,330.06025,4.32555,0.0946838430833333,1.05914566528854,0.184665756622225,0.185546916666667,0.309502337065923,0.00470075110416667,0.0153857804791667,0.0729424436875,23.09920625,22.3549125,5.18874816246833,3.24101083333333,4.150394375,2.01975414583333,0.6072385,1.05949291666667,0.296313820410417,1.49405375,2.32256333333333,1.75596979166667,0.3696999375,0.515471208333333,0.114828994375
"100",100,2.93342664338323,83.19776,-2.5890275,-2.8388275,-3.4383475,0.529976020833333,18.84965,35.87535,328.495,4.445975,0.088531228125,1.12805293709312,0.184610243184976,0.185451354166667,0.309501218705672,0.00121436347916667,0.0109466183333333,0.0741272539583333,23.08024875,22.3410514583333,5.18687775797083,3.23822708333333,4.13539270833333,2.01999689583333,0.597157375,1.04355229166667,0.292236050254167,1.51251645833333,2.327460625,1.75151729166667,0.3696306875,0.515515125,0.114854218958333
"101",101,3.31860980820907,83.82302,-2.601495,-2.8145725,-3.46818,0.522554,19.267775,35.44445,326.861,3.775145,0.0883634286666667,1.1178401673999,0.184553792362418,0.185369104166667,0.309500123340795,0.00254931675375,0.0108630875,0.0729259854166667,23.0613508333333,22.327011875,5.18501964568187,3.23578583333333,4.120794375,2.02158175,0.587195354166667,1.02782979166667,0.288143823816667,1.54428333333333,2.32938458333333,1.74934354166667,0.369562479166667,0.5155576875,0.114879821041667
"102",102,3.41684380534714,84.14154,-2.6132625,-2.8468675,-3.4932875,0.516078125,19.475275,35.161775,325.16225,3.6128125,0.0886451183333333,0.801194163426746,0.184495073010384,0.185289083333333,0.309498947186793,0.0019499198625,0.0100033354375,0.0739687322916667,23.039883125,22.312344375,5.18267798730458,3.23508958333333,4.107546875,2.02504708333333,0.576449666666667,1.01232916666667,0.284035640827083,1.55628020833333,2.33007625,1.74802645833333,0.369480104166667,0.515615291666667,0.114904573125
"103",103,2.93543137928839,84.10386,-2.625675,-2.82639,-3.550255,0.510503979166667,19.745175,34.9523,323.5055,4.463295,0.0915468783333333,0.973176561852737,0.184419474331357,0.185209291666667,0.309497737286514,0.00477974047916667,0.0119078185416667,0.0724640227916667,23.0178147916667,22.2972604166667,5.18009341024958,3.233930625,4.09506041666667,2.02861841666667,0.566265708333333,0.997032375,0.279908251697917,1.55953145833333,2.33040166666667,1.74698625,0.369395208333333,0.515676583333333,0.114928140833333
"104",104,2.86873292643464,84.31952,-2.642305,-2.88674,-3.51552,0.502729770833333,19.826825,34.79305,321.831,4.3311725,0.0895891735416667,0.935319789776413,0.184314239574286,0.185122645833333,0.309496553731949,0.00262731183333333,0.010506080625,0.074404795,22.9976922916667,22.2821377083333,5.17761112628854,3.23061458333333,4.08363291666667,2.03300897916667,0.557675770833333,0.981948541666667,0.275766462364583,1.5740575,2.331905,1.74506604166667,0.369324729166667,0.515724958333333,0.114950315
"105",105,2.17250747090436,84.22632,-2.6487175,-2.8708725,-3.572855,0.498849,20.1516,34.661725,320.163,6.076605,0.087090355625,1.25047678759793,0.18427973873752,0.18505675,0.309495370832743,0.00135422920833333,0.008056782875,0.0753066445833333,22.9775289583333,22.267029375,5.17533592817979,3.227920625,4.073045,2.0384796875,0.549010895833333,0.9670324375,0.2715979206,1.58389979166667,2.332616875,1.74376041666667,0.369252895833333,0.515772333333333,0.114974672083333
"106",106,2.845064248868,84.36936,-2.655205,-2.8788725,-3.528905,0.495837479166667,20.5665,34.6203,318.55325,4.354655,0.0857083842708333,1.22253413371212,0.184260793554947,0.185006,0.309494230565077,0.0005523360625,0.00610762254166667,0.0769583220833333,22.9588,22.252119375,5.17342177579708,3.22500729166667,4.06238395833333,2.043687,0.540779770833333,0.952279770833333,0.267402997152083,1.58727166666667,2.33294333333333,1.74278458333333,0.369189854166667,0.5158095,0.115000821875
"107",107,3.36664953841955,84.51774,-2.66567,-2.877325,-3.506135,0.491629625,20.47505,34.607775,316.9975,3.45016,0.0840576116666667,0.753902181701229,0.184220635583676,0.184951979166667,0.309493011174928,0.000894586458333333,0.0064821793125,0.0739340266666667,22.937431875,22.2364285416667,5.17094282665667,3.224275,4.05174854166667,2.0484371875,0.531649479166667,0.9376295625,0.263165814004167,1.58543020833333,2.33310145833333,1.74185958333333,0.3691129375,0.515861458333333,0.115025609375
"108",108,3.370980579408,84.48808,-2.672455,-2.888545,-3.5361875,0.488492395833333,20.39215,34.5314,315.4995,3.4950925,0.0834809908333333,0.771050579864808,0.184188326287053,0.184903333333333,0.309491746563983,0.00219714212041667,0.00687781060416667,0.0717019529166667,22.914495,22.2199895833333,5.16795949806063,3.22416729166667,4.04131979166667,2.05298814583333,0.522387604166667,0.923029541666667,0.258872834275,1.58082354166667,2.33317083333333,1.74093333333333,0.369029041666667,0.515922875,0.115048070833333
"109",109,2.49515886818895,84.29948,-2.67719,-2.896065,-3.6452925,0.485280458333333,20.60045,34.430525,314.039,5.178865,0.0845954469166667,1.15917804574084,0.18414672315357,0.184859,0.309490550186495,0.00223385975625,0.00604339441666667,0.0748244778333333,22.8933666666667,22.2037183333333,5.16535596552208,3.22285479166667,4.03118729166667,2.05755883333333,0.513984458333333,0.9085200625,0.2545387629625,1.576643125,2.33321020833333,1.740083125,0.368956020833333,0.515972,0.115071944166667
"110",110,3.1538336208048,84.5374,-2.6872975,-2.9212925,-3.568145,0.481710145833333,20.824125,34.381075,312.603,3.9223425,0.0823321539583333,1.09764002038927,0.184099733149976,0.184816604166667,0.309489382226049,0.000158869395833334,0.00450162285833333,0.0755602885833333,22.8746825,22.1876835416667,5.16317118761542,3.22019104166667,4.02140520833333,2.06258608333333,0.5065131875,0.8941711875,0.250188491375,1.573955625,2.333253125,1.7393175,0.368898958333333,0.516004104166667,0.115096868125
"111",111,3.87044543566106,85.43956,-2.68763,-2.890595,-3.549685,0.478398958333333,20.28865,34.22865,311.0635,2.7490025,0.0769827035416667,0.579326255112861,0.184118975630724,0.184789270833333,0.309488116824084,-0.00136431581875,0.0023814448125,0.0728598220833333,22.85106125,22.1707327083333,5.16022056911958,3.22255979166667,4.012830625,2.07038222916667,0.496739270833333,0.880007916666667,0.245829812429167,1.59995458333333,2.33494041666667,1.73724208333333,0.368812666666667,0.516065875,0.115121590416667
"112",112,3.74413737744619,85.39156,-2.6914875,-2.889935,-3.60358,0.476545541666667,19.34875,33.8555,309.58525,2.97519,0.0802456333333333,0.628929273152467,0.184122436107049,0.184765916666667,0.309486782930255,0.000501612645833333,0.003486461875,0.0730387175,22.8258139583333,22.1530089583333,5.15669744539771,3.22533333333333,4.00424666666667,2.07931639583333,0.486990625,0.865968020833333,0.241438514327083,1.58537604166667,2.34115645833333,1.73164083333333,0.368718854166667,0.516137854166667,0.115143285416667
"113",113,4.06805987513924,85.50784,-2.6935,-2.891925,-3.563785,0.4750026875,18.821025,33.386825,308.11,2.50696,0.0720230825,0.539808528593064,0.184125532108318,0.184746104166667,0.30948545473952,-0.000690352604166667,0.00163602152083333,0.0678686020833333,22.8001779166667,22.13502625,5.15310702982292,3.22899666666667,3.99510145833333,2.08744533333333,0.477120145833333,0.852043458333333,0.2370151021125,1.5825725,2.34526625,1.72760958333333,0.368623645833333,0.5162111875,0.115165169166667
"114",114,2.14755667680162,85.44276,-2.690025,-2.88869,-3.5859075,0.4745945625,18.8581,32.921875,306.52675,5.4845025,0.0803066140208333,1.18364112704593,0.184131943475763,0.184736666666667,0.30948418669095,0.00205027658333333,0.00268397939583333,0.0734797420833333,22.7760604166667,22.1172289583333,5.14986786823104,3.231441875,3.98704416666667,2.09737579166667,0.468101083333333,0.83826725,0.232572804710417,1.60845625,2.34746479166667,1.72504708333333,0.368536979166667,0.5162744375,0.115188621458333
"115",115,3.07623562333898,85.5607,-2.698785,-2.9027075,-3.565365,0.471373270833333,19.10565,32.5921,304.8915,3.6267375,0.0761199230416667,0.861349099268425,0.184078707024955,0.184713625,0.309482951946885,3.21036666666666e-05,0.00184732229166667,0.0722414060416667,22.7533972916667,22.0995733333333,5.14692620997792,3.23196375,3.98011291666667,2.10944608333333,0.460227708333333,0.824677395833333,0.228123430014583,1.62938208333333,2.34864333333333,1.72329291666667,0.368460166666667,0.5163266875,0.115213176875
"116",116,3.50011042077596,85.52558,-2.7003225,-2.89719,-3.5882,0.471052458333333,19.094075,32.3212,303.284,3.149525,0.0750641277083333,0.711710716919546,0.184080340799798,0.1846995625,0.309481640300631,0.000136791631458333,0.00197423298958333,0.07018571125,22.7284975,22.081301875,5.14351600577437,3.23604104166667,3.972978125,2.1213105,0.451011333333333,0.811254729166667,0.223661025647917,1.63885770833333,2.34927708333333,1.72187166666667,0.368370958333333,0.516392520833333,0.115236544166667
"117",117,4.00804403689811,85.61464,-2.7033125,-2.8992775,-3.558935,0.470160270833333,19.02125,32.0744,301.71775,2.477135,0.0739934645833333,0.583852190677785,0.184073196227901,0.1846844375,0.309480329869513,-0.000196895172916667,0.00149155041666667,0.0700226245833333,22.7031754166667,22.0626210416667,5.139851216035,3.24117916666667,3.96558229166667,2.132125875,0.441703208333333,0.798012270833333,0.219194016427083,1.64027958333333,2.34961375,1.720645625,0.368280979166667,0.516460583333333,0.115258404791667
"118",118,3.73328834198973,85.60662,-2.7051175,-2.900765,-3.5645175,0.468988854166667,18.9727,31.832325,300.18,2.834665,0.0778721594583333,0.656772178589041,0.184063495876234,0.184669979166667,0.309478985497131,0.00119496665625,0.00258655775833333,0.0715029678333333,22.6779058333333,22.0437320833333,5.1360947590875,3.246361875,3.95821479166667,2.14244122916667,0.43268625,0.784961895833333,0.2147320543625,1.63759229166667,2.34979208333333,1.71952916666667,0.368192666666667,0.5165278125,0.115279442916667
"119",119,3.43799992149701,85.65538,-2.7046175,-2.9055775,-3.53959,0.468694583333333,18.93705,31.6087,298.6555,3.07481,0.0756750225,0.651486630469322,0.184062393865621,0.184658875,0.30947762469043,-0.00057804875,0.0006875108125,0.0727248233333333,22.6524535416667,22.0246729166667,5.13233226076437,3.25140291666667,3.95103583333333,2.15284627083333,0.423926875,0.772071145833333,0.2102671275875,1.632249375,2.34989104166667,1.71846833333333,0.368103854166667,0.516595270833333,0.11530095
"120",120,3.53800339610661,85.70498,-2.7052775,-2.90311,-3.5226875,0.468533708333333,18.9092,31.39945,297.138,2.89707,0.073277946875,0.648736882388,0.18406602344523,0.184652208333333,0.309476260421223,0.000557709479166667,0.001217616875,0.0690748579166667,22.6267035416667,22.005411875,5.12852997084312,3.25708083333333,3.944031875,2.163594,0.415112645833333,0.7592938125,0.205786172229167,1.62620708333333,2.349940625,1.71742958333333,0.368013666666667,0.5166635625,0.115322664791667
"121",121,2.04920566457132,86.08664,-2.7054675,-2.9056775,-3.43242,0.467766020833333,18.9187,31.201675,295.6395,4.318735,0.0694585116666667,0.730658019577554,0.184055165263918,0.184644375,0.309474949099688,0.000252057958333333,0.000859876708333333,0.0659388258333333,22.6016047916667,21.9859825,5.12474705657563,3.26150791666667,3.9373125,2.17451897916667,0.407011354166667,0.746626708333333,0.201290796810417,1.619830625,2.34997020833333,1.71641916666667,0.367929020833333,0.516726916666667,0.115344135
"122",122,2.84794658257185,85.5475,-2.707415,-2.9061975,-3.602085,0.467299083333333,18.957375,31.024275,294.155,3.9423925,0.073119231875,0.794849982238107,0.184048530696156,0.184638541666667,0.309473658125368,0.000102547958333333,0.000584507291666667,0.0703565075,22.5769075,21.9664683333333,5.12103893513583,3.26499104166667,3.93089354166667,2.18565625,0.399466375,0.734090625,0.19679168656875,1.61417104166667,2.34998020833333,1.71542666666667,0.3678471875,0.5167868125,0.115365907708333
"123",123,3.35448011972526,85.69524,-2.7059775,-2.9068875,-3.5280725,0.4677861875,18.8903,30.862925,292.66475,3.0077025,0.06963436,0.590114667068975,0.184061271971347,0.1846381875,0.309472311012005,-0.00120205875875,-0.000618977354166667,0.0687071916666667,22.5517172916667,21.9466760416667,5.11719393768833,3.26961333333333,3.92465604166667,2.19764820833333,0.3916765625,0.7217114375,0.192300677229167,1.60831916666667,2.34999020833333,1.714421875,0.367763833333333,0.516848895833333,0.115387417291667
"124",124,3.27571530815701,85.55394,-2.70731,-2.9031425,-3.594505,0.467572208333333,18.878025,30.68345,291.1855,3.399815,0.0784519452083333,0.844625181583883,0.184055356665082,0.184634708333333,0.30947095670007,0.002272808745625,0.00218824814583333,0.0719233552083333,22.526585,21.9267122916667,5.11331019021396,3.27443333333333,3.91851729166667,2.21024591666667,0.383991875,0.709490541666667,0.187819865772917,1.60308979166667,2.35,1.7134125,0.3676811875,0.516910291666667,0.11540853875
"125",125,3.28513875503209,85.4922,-2.713475,-2.9099375,-3.6623675,0.468077895833333,18.944925,30.52875,289.7025,3.4791475,0.0680630706458333,0.734552232624656,0.184091377173424,0.184617375,0.309469648395215,0.00269529472916667,0.0029498863125,0.0609921004166667,22.50238375,21.9067827083333,5.10958936133125,3.2774175,3.91273979166667,2.22365433333333,0.37716525,0.697441020833333,0.18335660660625,1.59895479166667,2.35,1.71243145833333,0.367604875,0.516965,0.115430250833333
"126",126,2.73850653201998,85.18532,-2.68319,-2.8713675,-3.6591,0.479532104166667,18.717925,30.36475,288.27275,4.5868225,0.0712311248958333,0.666621559890119,0.184388448470382,0.184615166666667,0.309468423333765,0.00844306902708333,-0.000852912166666667,0.0623576470416667,22.4787616666667,21.886416875,5.10553457105938,3.27830604166667,3.90716291666667,2.23657064583333,0.371259041666667,0.685578708333333,0.17891989225,1.59408083333333,2.35,1.711446875,0.367536145833333,0.5170156875,0.115448180416667
"127",127,2.52321136120995,85.2887,-2.6955875,-2.8901975,-3.6821275,0.535467875,18.803,30.192425,286.827,5.026915,0.0717063348770833,0.820423322860519,0.191245609404717,0.184716666666667,0.309467240219627,0.00704440732708333,0.0013944339,0.0627770026166667,22.455649375,21.866116875,5.10162936585,3.27887479166667,3.90153145833333,2.25021239583333,0.365663625,0.673925875,0.17452169890625,1.59128,2.35,1.710475625,0.367470041666667,0.5170629375,0.115466903541667
"128",128,2.03790174570433,79.89032,-1.8746375,-1.954185,-3.15267,0.798594958333333,18.86515,30.041825,285.33975,11.020975,0.115378343958333,1.45742058323415,0.219993040542918,0.185513354166667,0.309466506407837,0.176690620416667,-0.0999941257083333,0.0569013962291667,22.434731875,21.84615625,5.0981458317075,3.27862479166667,3.896069375,2.264253125,0.361299125,0.662494583333333,0.170165247697917,1.61597375,2.35,1.70956645833333,0.367417333333333,0.517096020833333,0.115486747916667
"129",129,1.83550270967419,80.51338,-1.8830275,-1.9959225,-3.150445,0.786710375,19.91815,30.024775,283.5895,11.459025,0.145333507354167,2.32383452768887,0.215565863175521,0.186227958333333,0.309465563073539,0.179025433083333,-0.0917740672916667,0.0665315785416667,22.4192164583333,21.828101875,5.0966285674125,3.28545208333333,3.89069104166667,2.27845866666667,0.358002979166667,0.651293979166667,0.165855465335417,1.65946625,2.35,1.70885416666667,0.367388979166667,0.5170933125,0.115517783958333
"130",130,0.95276317577239,80.42008,-1.862745,-2.03378,-2.69261,0.783550020833333,20.535325,30.221575,281.85275,14.4948,0.0996634885,2.02378023878656,0.211984430353984,0.18691425,0.309464707547298,0.132651696875,-0.0915540311666667,0.0657063853333333,22.4055654166667,21.8107989583333,5.09597214530542,3.29263,3.8859725,2.29405329166667,0.354872645833333,0.640273770833333,0.161577489689583,1.68456791666667,2.35,1.70822354166667,0.367368166666667,0.517076895833333,0.11555510125
"131",131,2.27273554589567,81.10252,-1.85055,-1.99774,-3.1173975,0.784848625,21.0937,30.478975,280.227,9.3494925,0.145690008666667,1.74713761384183,0.208835683228521,0.187464520833333,0.309463803679117,0.130524124604167,-0.0435481464583333,0.0596011333333333,22.391163125,21.792946875,5.09487821911083,3.29788854166667,3.88167729166667,2.310474875,0.351735395833333,0.629413770833333,0.1573257611,1.69856666666667,2.35,1.70755625,0.367346208333333,0.517064291666667,0.115589594791667
"132",132,1.48658961006007,81.16042,-1.853565,-2.010815,-2.903395,0.783857229166667,21.481475,30.7264,278.653,11.95175,0.121929502625,2.15324316658984,0.205739061160539,0.187794083333333,0.309462877011236,0.112752589166667,-0.0511105074583333,0.060707092625,22.3747120833333,21.77449625,5.09328887158771,3.304371875,3.87768958333333,2.3272379375,0.348023666666667,0.618702458333333,0.153100601010417,1.70552145833333,2.35,1.70681770833333,0.367312791666667,0.517065229166667,0.115621860208333
"133",133,2.20089405988811,81.35638,-1.8426825,-1.995295,-3.1808375,0.7869889375,21.919075,31.027375,277.161,9.7086225,0.139847565083333,2.03389286461473,0.202842036393611,0.188118375,0.309462025387829,0.111037234583333,-0.0303189419791667,0.0590160218333333,22.3608245833333,21.7565041666667,5.09224369637708,3.307651875,3.87416520833333,2.34456885416667,0.345004541666667,0.608164104166667,0.148915593727083,1.71007375,2.35,1.70615708333333,0.367294916666667,0.517048791666667,0.115656304166667
"134",134,1.81851515281423,81.43894,-1.8454525,-1.99385,-3.24521,0.788113083333333,22.43145,31.33285,275.724,12.052675,0.1113630966875,1.91061973796563,0.200211155256004,0.188333479166667,0.309461186529316,0.0831285724166667,-0.023280634625,0.0514918628541667,22.3464179166667,21.7382620833333,5.09103560312,3.31097708333333,3.87093104166667,2.36249635416667,0.3418705625,0.597775520833333,0.1447644987875,1.71088145833333,2.35,1.705475625,0.367274625,0.5170353125,0.115690070208333
"135",135,2.51203684415823,81.4806,-1.85766,-1.986265,-3.2237175,0.788232895833333,22.182975,31.572475,274.4225,8.3231575,0.133355722458333,1.62607600869452,0.197950807025744,0.18846875,0.309460313138294,0.0959671719583333,-0.0139302983333333,0.05170268375,22.330975,21.7191120833333,5.08903729388604,3.31282479166667,3.86795541666667,2.38004964583333,0.338792729166667,0.587518520833333,0.140644365095833,1.70885666666667,2.35,1.70473833333333,0.367254083333333,0.517027833333333,0.115717900416667
"136",136,2.64430739018663,81.52444,-1.8845925,-1.993535,-3.10651,0.7857590625,22.031825,31.696825,273.13675,7.296845,0.12171092325,1.3417580422937,0.195595185263237,0.188556291666667,0.309459338199223,0.0834838502083333,-0.0094575634375,0.0479271484166667,22.3124358333333,21.6990958333333,5.08629647759563,3.31682958333333,3.865350625,2.398191875,0.334921520833333,0.577349458333333,0.136542062520833,1.70629104166667,2.35,1.7039,0.367217083333333,0.517039729166667,0.115743232291667
"137",137,2.66839996570309,81.71812,-1.9154825,-2.0017275,-3.102375,0.777132416666667,21.784,31.70825,271.91325,7.2005975,0.124312330145833,1.39670982402643,0.193505477563794,0.18861975,0.309458330743113,0.0803915530416667,-0.00674040960416667,0.051231954375,22.2930552083333,21.6785441666667,5.08318128291583,3.32030291666667,3.86290166666667,2.416672875,0.330954166666667,0.5672624375,0.132458283445833,1.702245625,2.35,1.70302395833333,0.3671774375,0.517056541666667,0.115766101666667
"138",138,2.62654047387405,82.1201,-1.9638525,-2.0568725,-3.117555,0.757335583333333,21.63195,31.653675,270.69125,6.9052125,0.123977653958333,1.35391104376546,0.191600395340616,0.188635270833333,0.309457282775569,0.0680248173958333,0.00247406150166667,0.0540510745833333,22.27330875,21.65791,5.08008921376292,3.32381479166667,3.860745625,2.43630395833333,0.326806375,0.5572799375,0.128404818377083,1.69959604166667,2.35,1.70213958333333,0.367135166666667,0.517074958333333,0.115790003958333
"139",139,1.03453425,83.3524,-2.016645,-2.1491675,-2.720425,0.742426625,21.662225,31.563675,269.46125,10.4789375,0.0852151618541667,1.25904975642928,0.190545373696013,0.188622270833333,0.309456260569898,0.0402667954583333,-0.00157324645833333,0.0471854329166667,22.2544904166667,21.63725375,5.07707047893854,3.32512854166667,3.85942416666667,2.45707304166667,0.3230815,0.547418875,0.124390664516667,1.69609645833333,2.35,1.70127270833333,0.367099208333333,0.517087208333333,0.1158135475
"140",140,2.64435327010883,82.50164,-2.0214975,-2.1283175,-3.3072475,0.733769,21.356875,31.4242,268.31275,7.1072175,0.1123408826875,1.27751100976286,0.190035754285465,0.1885971875,0.309455259704105,0.0501628606666667,0.0129083047708333,0.0497037879166667,22.2361816666667,21.6163102083333,5.07383278375771,3.324016875,3.85846395833333,2.47767841666667,0.319800145833333,0.537715979166667,0.120432990475,1.694518125,2.35,1.70040854166667,0.367069854166667,0.517095854166667,0.115834320208333
"141",141,2.51051871232127,82.99192,-2.08227,-2.20362,-3.152375,0.7099286875,21.124625,31.253275,267.07175,6.352555,0.112530934375,1.31169251653917,0.188892925908054,0.188473041666667,0.30945417472979,0.0389628562770833,0.019268667625,0.0548118802291667,22.2158391666667,21.59512125,5.07041508694292,3.32566791666667,3.85890791666667,2.49939875,0.315716979166667,0.528156375,0.116529608110417,1.69624958333333,2.35,1.69949166666667,0.3670268125,0.517116895833333,0.115856315416667
"142",142,2.57438818090664,83.16618,-2.138445,-2.274375,-3.3673725,0.686649729166667,21.124525,31.079525,265.81125,6.8801175,0.118703941229167,1.34634159021619,0.188000373616101,0.188297770833333,0.309453059718102,0.0314326735416667,0.02838329375,0.0581732079166667,22.1959216666667,21.5739702083333,5.06712051658083,3.32641208333333,3.86029625,2.52277133333333,0.311725104166667,0.518710875,0.112671561425,1.69953833333333,2.35,1.69858729166667,0.366986229166667,0.517134770833333,0.115879064791667
"143",143,2.81689560213576,83.43232,-2.193205,-2.34139,-3.390445,0.665370583333333,21.0544,30.91155,264.49925,6.07131,0.11520787375,1.26183057043853,0.18731789928237,0.1880710625,0.309451902947675,0.0229182031645833,0.0314825697291667,0.05929212925,22.1756645833333,21.5526945833333,5.06378594603792,3.32741270833333,3.86303708333333,2.54778533333333,0.307539104166667,0.509372291666667,0.108858349333333,1.70380458333333,2.35,1.69767333333333,0.366943791666667,0.5171541875,0.115902101041667
"144",144,2.9304649349898,83.61762,-2.24031,-2.3988575,-3.45011,0.647271875,20.875275,30.726675,263.1625,5.693905,0.104504730041667,1.13898036059002,0.186819887097719,0.187834604166667,0.309450715689263,0.0167701120875,0.0304027185625,0.055665931875,22.1543460416667,21.5311314583333,5.060239706915,3.32917270833333,3.86642958333333,2.57401947916667,0.303019395833333,0.5001504375,0.105095568291667,1.70673895833333,2.35,1.69672625,0.366895291666667,0.517179916666667,0.115924645625
"145",145,2.9742112237528,83.83962,-2.2806775,-2.4466675,-3.43904,0.632222916666667,20.613275,30.5115,261.85525,5.2748025,0.0996763257083333,1.11331409000698,0.186459954411751,0.1876100625,0.309449533662424,0.0108993804791667,0.0286609416875,0.05864416625,22.1332316666667,21.5093158333333,5.05648825751771,3.32979,3.86984479166667,2.60049079166667,0.2987843125,0.491062354166667,0.101392177402083,1.70784229166667,2.35,1.69577333333333,0.366850354166667,0.517204708333333,0.11594507625
"146",146,2.71005581643984,84.17104,-2.313115,-2.4828,-3.30231,0.620647958333333,20.397,30.2745,260.53825,5.00302,0.0968735105208333,1.25746739069272,0.186225871492066,0.187401458333333,0.309448312650664,0.00777894444375,0.0267383010416667,0.060988755625,22.1119525,21.4874733333333,5.05275055837271,3.3300175,3.87310416666667,2.62807997916667,0.294656791666667,0.482127270833333,0.0977573965395833,1.70866604166667,2.35,1.69481625,0.366803958333333,0.517230125,0.115965868541667
"147",147,0.74916,88.20304,-2.3275225,-2.5132625,-2.70865,0.615447604166667,20.384175,30.062075,259.22675,4.9510025,0.0740254753541667,1.02633011159565,0.186198041024663,0.187235395833333,0.309447128851941,0.00296316820625,0.0163476435625,0.0534255070833333,22.0921114583333,21.4656954166667,5.049105151825,3.32774875,3.87596770833333,2.65666491666667,0.291255085416667,0.473344375,0.09419136351875,1.70632875,2.35,1.69389166666667,0.36676775,0.5172465,0.115985759166667
"148",148,2.39632510082406,84.08376,-2.3418775,-2.511,-3.4278725,0.621362083333333,20.30005,29.828625,257.98775,6.121675,0.0774094808125,1.09758149944438,0.186530017952106,0.18711775,0.309445983303805,0.00884538341666667,0.0144191800208333,0.053538116625,22.07280625,21.4438829166667,5.04542016163667,3.32433270833333,3.87771083333333,2.68484177083333,0.288187102083333,0.464731666666667,0.09070231733125,1.70381479166667,2.35,1.69297541666667,0.366735916666667,0.517259604166667,0.116004430625
"149",149,2.15397806588573,83.7945,-2.3051075,-2.46187,-3.361125,0.626524916666667,20.02495,29.5923,256.737,7.301135,0.0985415725625,1.29468699982734,0.186790279267102,0.187026166666667,0.309444827795851,0.0221121121666667,0.0158806004166667,0.0600583283333333,22.053204375,21.4220258333333,5.04171704629354,3.32193208333333,3.87944375,2.71342654166667,0.285010295833333,0.456281625,0.0872893813229167,1.703258125,2.35,1.69205416666667,0.3667023125,0.517274291666667,0.116023467083333
"150",150,2.67635097618363,83.9805,-2.3504575,-2.5107225,-3.46834,0.609083979166667,20.05085,29.38795,255.408,5.7003975,0.100416274,1.14550584601267,0.186284653946894,0.186885166666667,0.309443605736468,0.0171508057916667,0.0206424775,0.0609475470833333,22.0330625,21.400220625,5.0381135154,3.32150270833333,3.88148354166667,2.74414895833333,0.281482616666667,0.4479450625,0.0839353844354167,1.70564875,2.35,1.69112541666667,0.3666639375,0.517291791666667,0.116044140416667
"151",151,2.5651530117255,77.97774,-2.3845075,-2.56252,-3.310785,0.631002270833333,19.53455,29.62745,254.03875,6.69169,0.109158918541667,1.30543862855482,0.185925048456827,0.186722833333333,0.309442407718099,0.011843621,0.02303755875,0.0724649310416667,22.0136639583333,21.3789085416667,5.03508269873312,3.32230041666667,3.884309375,2.776824875,0.27764169375,0.439708,0.0806371273729167,1.7099625,2.35,1.690233125,0.366626479166667,0.517304208333333,0.116069218541667
"152",152,2.7399678940459,79.96482,-2.4140825,-2.5979175,-3.32494,0.622101604166667,19.04125,29.76625,252.626,5.8531675,0.107237715645833,1.23484389730806,0.185683317126554,0.186556625,0.30944121551646,0.00746728502083333,0.0212569354166667,0.0768087441666667,21.9951864583333,21.3579920833333,5.03247188638875,3.3234125,3.88769770833333,2.81271370833333,0.273724297916667,0.4315914375,0.07740314633125,1.71375166666667,2.35,1.6893825,0.366593166666667,0.5173093125,0.116097568333333
"153",153,3.38179061370608,80.40952,-2.4405125,-2.6210875,-3.32519,0.612027,18.709475,29.524475,251.19675,4.3416825,0.101223715208333,0.934162144634655,0.185510784317987,0.186398458333333,0.309439894041273,0.0055232178125,0.019468010625,0.07394109875,21.9747704166667,21.3363225,5.02915044200042,3.325530625,3.89098875,2.85074479166667,0.269526458333333,0.42360325,0.0742358690583333,1.71560708333333,2.35,1.68846041666667,0.3665510625,0.517327083333333,0.116121819166667
"154",154,3.10119305664395,80.88616,-2.45899,-2.639905,-3.3269625,0.602388125,18.3875,29.1813,249.7815,4.6436675,0.0918969735416667,0.874221326808023,0.185397491535034,0.186264375,0.309438527946488,0.00336800099166667,0.0156680118958333,0.0700172830833333,21.9528072916667,21.3140791666667,5.02528815899042,3.32880083333333,3.89408270833333,2.88923054166667,0.26504753125,0.415725208333333,0.0711299973375,1.71422333333333,2.35,1.68747916666667,0.366501895833333,0.517355166666667,0.116143035
"155",155,2.91503985651057,80.88662,-2.4754575,-2.657055,-3.3985475,0.595158645833333,18.25985,28.813275,248.385,5.1518025,0.095907861375,1.09429206870364,0.185310762418775,0.1861504375,0.309437201321984,0.00385880516666667,0.0151504563958333,0.075170102,21.9319145833333,21.2920183333333,5.02164400324542,3.33077729166667,3.896765,2.92783420833333,0.260960666666667,0.407969833333333,0.06809326421875,1.71311583333333,2.35,1.6865275,0.366458604166667,0.517376416666667,0.11616491625
"156",156,2.70576038489045,81.11774,-2.493045,-2.6732825,-3.3628025,0.589605104166667,18.064925,28.487925,246.9495,5.2656225,0.0975295114979167,0.986592624840667,0.185285101624561,0.186033770833333,0.309435857276462,0.00542141877083333,0.0162625855833333,0.07427740675,21.9111958333333,21.269991875,5.01805026468375,3.33263479166667,3.89944479166667,2.96787822916667,0.257022941666667,0.4003528125,0.0651331245916667,1.71276229166667,2.35,1.68558354166667,0.3664168125,0.5173961875,0.116187120416667
"157",157,2.06435350439068,80.09022,-2.3839925,-2.5310275,-3.370955,0.641922270833333,17.770975,28.158525,245.54875,8.1158575,0.0840355850958333,0.919952413342208,0.187036987761611,0.186021,0.309434568903751,0.030132015625,-0.00715866858333333,0.0615724359166667,21.891156875,21.2475489583333,5.01404423037021,3.33266479166667,3.90171145833333,3.0076676875,0.253692958333333,0.392870916666667,0.0622499772395833,1.70937166666667,2.35,1.68463333333333,0.366383270833333,0.5174124375,0.116204357916667
"158",158,2.710523336407,80.50488,-2.4227775,-2.5770375,-3.442635,0.621191708333333,17.935125,27.861525,244.15575,6.122825,0.10435438725,1.27860695007067,0.186299422757152,0.1860416875,0.30943332012737,0.0259999128541667,0.00261423904166667,0.0756981919166667,21.873206875,21.2257245833333,5.01066153564792,3.33219,3.90252770833333,3.04692183333333,0.25094050625,0.385523083333333,0.0594460454125,1.71146958333333,2.35,1.683751875,0.3663605,0.517414916666667,0.116224574583333
"159",159,1.58540629582315,80.5672,-2.4210575,-2.6012375,-3.3883675,0.615523958333333,17.6062,27.626125,242.742,10.042775,0.07346067665625,1.02686273533051,0.186124317281881,0.186046583333333,0.309432068300094,0.0129530325270833,-0.0030238570625,0.062762741,21.85477625,21.2037183333333,5.00712613110854,3.331884375,3.90398375,3.08766954166667,0.248153116666667,0.378301979166667,0.0567201728583333,1.70799375,2.35,1.68285729166667,0.366335666666667,0.517420166666667,0.116244272916667
"160",160,1.92018760407766,80.81008,-2.4481275,-2.62349,-3.429,0.605602791666667,17.837925,27.4089,241.3595,8.1770675,0.091355399625,1.34602834785117,0.185817770360255,0.18604075,0.309430828772819,0.0131285327916667,0.00524193916666667,0.0712851455416667,21.8367879166667,21.1819833333333,5.00384302072896,3.330406875,3.905095,3.127963125,0.2454995375,0.371230833333333,0.0540826964979167,1.70773708333333,2.35,1.68198125,0.366311833333333,0.517422625,0.116265612083333
"161",161,2.47978405035111,81.72022,-2.478405,-2.6498775,-3.25082,0.594584708333333,17.763875,27.258875,239.9595,4.580965,0.0839610791666667,1.08561693936429,0.185538466195579,0.185987770833333,0.309429551271109,0.00707269785416667,0.00600758804166667,0.0692542127083333,21.8170135416667,21.1602558333333,5.00055095188458,3.33160645833333,3.90696395833333,3.16716264583333,0.242189658333333,0.364301145833333,0.0515321066895833,1.70912354166667,2.35,1.681070625,0.366274604166667,0.5174359375,0.116289314166667
"162",162,2.8619209089273,81.17112,-2.4901825,-2.6676025,-3.4217275,0.586444708333333,17.668725,27.09475,238.87075,5.11458,0.094253220875,1.05675827519863,0.185356145771883,0.185928979166667,0.30942824431471,0.00779918727083333,0.0107752979583333,0.0736948705,21.7972191666667,21.1382152083333,4.99694887992479,3.33182625,3.90869291666667,3.1973081875,0.239020639583333,0.3575081875,0.0490754933770833,1.71172979166667,2.35,1.68014520833333,0.366239708333333,0.51745,0.116310376875
"163",163,3.46981557632419,81.37128,-2.5094225,-2.6886475,-3.3894025,0.578028625,17.389675,26.902625,237.76825,3.8866575,0.089244895625,0.786420235712387,0.185191736804747,0.185846458333333,0.309426862359699,0.00506539054791667,0.0105816095833333,0.0709199804166667,21.7758252083333,21.115859375,4.99300097114021,3.334193125,3.910958125,3.22698439583333,0.23536689375,0.350851,0.0467177242770833,1.71453104166667,2.35,1.679171875,0.36619525,0.517474479166667,0.116330260416667
"164",164,3.20454615739226,81.66364,-2.5212625,-2.705485,-3.32015,0.572621125,17.047925,26.650125,236.68475,3.9718675,0.0819970664583333,0.803990816695771,0.185113419072378,0.185782125,0.309425438428979,0.0006942957875,0.00574651822916667,0.0732512466666667,21.753558125,21.093121875,4.98868826705229,3.336649375,3.913066875,3.25694833333333,0.23168116875,0.344306708333333,0.04445161054375,1.71431479166667,2.35,1.67816270833333,0.3661471875,0.517505145833333,0.116347762708333
"165",165,3.58309946517148,81.68028,-2.5244275,-2.7105575,-3.3122075,0.570737125,16.789025,26.37245,235.62675,3.4426725,0.0815645820833333,0.741342280293958,0.185099757988368,0.185742145833333,0.309423988678563,0.000884948920833333,0.00546764658333333,0.0723198633333333,21.7309854166667,21.07035,4.98435160441229,3.3391575,3.91447520833333,3.287387375,0.227981658333333,0.337870604166667,0.0422751529125,1.71441208333333,2.35,1.67714708333333,0.3660970625,0.517537479166667,0.116365445
"166",166,2.55343718882715,81.97196,-2.5262125,-2.715925,-3.3299925,0.576258041666667,16.628775,26.076775,234.58,4.4857325,0.0648562466458333,0.862809442447517,0.185298333580913,0.185719583333333,0.309422599021988,7.71095416666666e-05,0.00178263580416667,0.0608942329166667,21.7087147916667,21.0476341666667,4.98008640086458,3.34097208333333,3.91575770833333,3.31741889583333,0.224483214583333,0.3315365625,0.0401858328166667,1.71219229166667,2.35,1.67613854166667,0.366048125,0.517568354166667,0.116383659583333
"167",167,2.28172232493558,81.08158,-2.4907825,-2.66745,-3.4111525,0.586308854166667,16.44595,25.804125,233.65,6.7728475,0.0823864451875,0.917488144092469,0.185608920266432,0.185716083333333,0.309421313973032,0.0121563320125,0.0009547081875,0.06762290075,21.6898608333333,21.0249822916667,4.97586307269396,3.33764,3.916845,3.34282175,0.222281947916667,0.325332104166667,0.0381923501479167,1.70978791666667,2.35,1.6752025,0.36602525,0.517577583333333,0.116397160625
"168",168,2.36656753881518,81.34318,-2.515195,-2.69032,-3.402845,0.575802645833333,16.562725,25.562425,232.72025,6.0136725,0.091674696875,1.18968550655887,0.185321229568001,0.185688583333333,0.309419950658733,0.00960478672916667,0.00543956977083333,0.075101384375,21.670205,21.0028270833333,4.97208995723187,3.33737666666667,3.91815041666667,3.364987625,0.219604027083333,0.319270729166667,0.0362982845458333,1.72139145833333,2.35,1.67427208333333,0.365992333333333,0.517591604166667,0.116416198541667
"169",169,1.38132900968478,82.43792,-2.530605,-2.7120175,-3.21066,0.568631104166667,16.583,25.390925,231.8165,8.04477,0.0826643092083333,1.18240442359313,0.185145010445993,0.185651020833333,0.309418604064519,0.0043208463125,0.00405285108333333,0.0723757797916667,21.6507933333333,20.9809375,4.96839205249417,3.33721791666667,3.919825,3.38590439583333,0.216893402083333,0.3133364375,0.03449812106875,1.73869458333333,2.35,1.67335645833333,0.365959395833333,0.517604291666667,0.116436171666667
"170",170,2.35914489268189,81.5035,-2.538115,-2.722915,-3.4327875,0.5720095625,16.65425,25.265775,230.935,6.096375,0.0764907342916667,1.09277205506271,0.185288279739334,0.185624166666667,0.3094172615919,0.00374856708333333,0.00413380625,0.0672213429166667,21.6315552083333,20.95908,4.96453268956688,3.33635104166667,3.921445,3.40672079166667,0.214312704166667,0.307514208333333,0.03278571584375,1.75655583333333,2.35,1.67244395833333,0.3659278125,0.517616979166667,0.116455185
"171",171,1.57148697199262,80.934,-2.4812125,-2.6570775,-3.409955,0.592639958333333,16.4299,25.1451,230.0815,9.98445,0.0609446705,0.971486132684594,0.185882320588479,0.185650645833333,0.309416004221974,0.0100622760041667,-0.009619019375,0.0600734638541667,21.6141514583333,20.9369077083333,4.96036936456396,3.332215625,3.92291270833333,3.42748889583333,0.212500504166667,0.301824083333333,0.0311638224333333,1.76538229166667,2.35,1.67155229166667,0.365913,0.517618541666667,0.116468458125
"172",172,2.81617071645949,81.20194,-2.4981525,-2.670065,-3.38937,0.583103791666667,16.59075,25.02185,229.226,5.1822625,0.0932939349583333,1.24684042890887,0.18556050643821,0.185683229166667,0.309414720035449,0.0145705381145833,0.00248240010416667,0.075335020625,21.5974070833333,20.9152891666667,4.95658750243646,3.32916166666667,3.92370145833333,3.44800039583333,0.210619877083333,0.296294458333333,0.0296357786520833,1.784013125,2.35,1.67069625,0.365899395833333,0.517616145833333,0.116484408333333
"173",173,0.89050225,83.08556,-2.5133025,-2.6986175,-3.05374,0.574804729166667,16.733925,24.937175,228.332,9.168605,0.079886023,1.36876160826559,0.185319902492569,0.185676229166667,0.309413410100958,0.00483418877083333,-0.00119333185416667,0.07463319,21.5800358333333,20.8941708333333,4.95312918604396,3.32817291666667,3.92530875,3.46850464583333,0.20836780625,0.2909095625,0.0281940557291667,1.80676875,2.35,1.66984791666667,0.365876895833333,0.5176181875,0.116504931875
"174",174,1.74909596428845,81.45372,-2.519275,-2.707915,-3.385645,0.5723319375,16.792175,24.9003,227.46925,8.0972625,0.0769316475208333,1.56833003711214,0.185234294073181,0.185687354166667,0.309412119833205,0.000482860741666667,-0.00355965075,0.07911124775,21.5638564583333,20.873363125,4.94983608009292,3.32512958333333,3.92686145833333,3.48897541666667,0.206448175,0.2856683125,0.026835229875,1.82839666666667,2.35,1.66903479166667,0.3658614375,0.51761325,0.116525360833333
"175",175,2.57232308969587,81.36208,-2.5210525,-2.707275,-3.45186,0.570421208333333,16.989575,24.93175,226.6155,5.8427975,0.0870674566458333,1.23956354771936,0.185167799432438,0.185689875,0.309410826228446,0.00612680089583333,0.005410589,0.074787838875,21.5487589583333,20.8527395833333,4.94662089167604,3.32111729166667,3.92865479166667,3.5094638125,0.204759745833333,0.280562604166667,0.0255540194791667,1.853163125,2.35,1.66825166666667,0.365853125,0.517601583333333,0.1165452675
"176",176,1.72557947787247,81.5249,-2.5264175,-2.7225075,-3.3880025,0.639023,17.061275,24.93125,225.72775,8.20388,0.07123635158125,1.41712634027041,0.19075496158765,0.185735166666667,0.309409604299461,0.00627688630416667,-0.0008018576875,0.070154190375,21.5327652083333,20.8319991666667,4.94325903439437,3.318115,3.93144875,3.52988364583333,0.202933585416667,0.275592854166667,0.0243476160625,1.87281229166667,2.35,1.66744,0.365839,0.5175965625,0.116564527708333
"177",177,1.45508962098915,76.3553,-1.96187,-2.109945,-2.9235025,0.818606479166667,16.8483,24.95115,224.8225,13.891175,0.108194693170833,1.68836667084692,0.204349464890882,0.1861948125,0.309408568454546,0.135168536375,-0.0846660698125,0.0673572812916667,21.5185420833333,20.8114916666667,4.93992696974646,3.31573104166667,3.93372270833333,3.54998072916667,0.201656358333333,0.270770645833333,0.0232152514583333,1.90493541666667,2.35,1.6666725,0.365837229166667,0.517581020833333,0.116581702083333
"178",178,1.00113586503079,76.39694,-1.902445,-2.102895,-2.789235,0.831444625,17.17455,25.03605,223.57975,16.029,0.0897410174375,1.65786133705678,0.202695559365749,0.186852541666667,0.309407489911976,0.115246909833333,-0.0838522220208333,0.0657899440416667,21.5059172916667,20.792069375,4.93725887275062,3.32571645833333,3.93536416666667,3.56968364583333,0.200486939583333,0.266100770833333,0.0221540676666667,1.942503125,2.35,1.66597958333333,0.3658395625,0.517556375,0.116604098958333
"179",179,2.74616515045597,76.78556,-1.8945125,-2.0479425,-3.032805,0.841698770833333,17.4167,25.12695,222.3605,8.1969275,0.13677696325,1.66593693721199,0.200700660827197,0.187417625,0.309406449831598,0.127034196489583,-0.055059264,0.0655527644583333,21.4933952083333,20.7729522916667,4.93480431896271,3.33741479166667,3.93734604166667,3.589035875,0.199159660416667,0.261578583333333,0.021159835875,1.97305229166667,2.35,1.66530229166667,0.3658408125,0.517531,0.116628324375
"180",180,1.95668081042383,76.9876,-1.9092175,-2.045695,-2.8248275,0.84343,17.461325,25.212175,221.13375,9.24724,0.112556466375,1.5523181739117,0.19773050105208,0.187780666666667,0.3094053659846,0.0989105909541667,-0.043518235,0.0576518410416667,21.4783195833333,20.753299375,4.93199830012021,3.35124520833333,3.93962166666667,3.60812477083333,0.19737488125,0.257188708333333,0.0202263924166667,1.99223708333333,2.35,1.66455020833333,0.365826729166667,0.517521958333333,0.116651376041667
